rhoP,theta,s,open_regime,closed_regime,final_regime,B_open,B_closed,P_open,P_closed,U_open,U_closed
0.01,0.08,0.5,intermediate,intermediate,intermediate,0.29566592315897816,0.36418461909649513,0.9091607900262432,0.6199715169330172,0.3292771016597851,0.3939752007499574
0.01,0.08,0.5684210526315789,intermediate,closed,bistable,0.3144739177330058,0.9995678942738414,0.907865504378464,0.15785672823116653,0.3302243323779415,0.7470120159974902
0.01,0.08,0.6368421052631579,intermediate,closed,bistable,0.3333198047655491,1.0,0.9064815228892447,0.13116470318572926,0.33132134775223454,0.7601033448882422
0.01,0.08,0.7052631578947368,intermediate,closed,bistable,0.3521951695292309,1.0,0.9050254734934084,0.12138114726336818,0.3325168041340603,0.764549112310905
0.01,0.08,0.7736842105263158,intermediate,closed,bistable,0.37113906993193174,1.0,0.9035033567296594,0.11456397837140862,0.33378108309760884,0.766940825643863
0.01,0.08,0.8421052631578947,intermediate,closed,bistable,0.39003522456240824,1.0,0.9019251983817762,0.10924191810062708,0.33511171976338383,0.7684883061197002
0.01,0.08,0.9105263157894737,intermediate,closed,bistable,0.40889499683554575,1.0,0.9002960043919617,0.10505667909674352,0.33649497666865835,0.769594375669549
0.01,0.08,0.9789473684210527,intermediate,closed,bistable,0.42773444705040903,1.0,0.8986128295727667,0.10188070816059266,0.3379274168311192,0.7702619571048875
0.01,0.08,1.0473684210526315,intermediate,closed,bistable,0.44653358173017066,1.0,0.8968755281035525,0.09945534795164428,0.3394085236442182,0.7707665345955645
0.01,0.08,1.1157894736842104,intermediate,closed,bistable,0.4652352006028692,1.0,0.8950968367029842,0.09764867130827136,0.34093193602464333,0.7711514453117014
0.01,0.08,1.1842105263157894,intermediate,closed,bistable,0.483866072483878,1.0,0.8932674629281412,0.09631248472396094,0.34250077708707743,0.7713568378731922
0.01,0.08,1.2526315789473683,intermediate,closed,bistable,0.5023732092754029,1.0,0.891404177751053,0.09533268901308414,0.3441065931609359,0.7715028542718619
0.01,0.08,1.3210526315789475,intermediate,closed,bistable,0.5208305490890734,1.0,0.8894739897104494,0.09462083043605042,0.34576579652143563,0.7716061024954656
0.01,0.08,1.3894736842105264,intermediate,closed,bistable,0.5391459626686154,1.0,0.8875129303852531,0.09414224572875608,0.34746025973255473,0.7717670419371622
0.01,0.08,1.4578947368421054,closed,closed,closed,0.5573989195502584,1.0,0.8854791357597217,0.09377634044856809,0.3492119056726073,0.771817304631625
0.01,0.08,1.5263157894736843,closed,closed,closed,0.5754967111555347,1.0,0.88341722398524,0.09351443666507735,0.3509974807391709,0.771852546514145
0.01,0.08,1.5947368421052632,closed,closed,closed,0.5935240925114755,1.0,0.8812762058831922,0.09332741829333208,0.3528445062476298,0.7718772504633166
0.01,0.08,1.6631578947368422,closed,closed,closed,0.611433305111039,1.0,0.8790788156865241,0.09319409399205959,0.35474128370400876,0.7718945594403541
0.01,0.08,1.731578947368421,closed,closed,closed,0.6291727633540501,1.0,0.8768570186541566,0.09309915575527984,0.35667039687985597,0.7719066854159217
0.01,0.08,1.8,closed,closed,closed,0.6468353878428101,1.0,0.8745455933664844,0.09303160349385096,0.3586682265138341,0.7719151811402717
0.01,0.09263157894736843,0.5,intermediate,intermediate,intermediate,0.24017397144628067,0.29766304129896665,0.9084648677926432,0.5798043851420337,0.3268154168066744,0.38656693411277243
0.01,0.09263157894736843,0.5684210526315789,intermediate,intermediate,intermediate,0.25751350086873415,0.31656332474219323,0.9070729576692153,0.6141590895386251,0.32754793924128495,0.38479093843098705
0.01,0.09263157894736843,0.6368421052631579,intermediate,closed,bistable,0.27498924028328714,1.0,0.9055772234170163,0.13778505188214002,0.3284925381366101,0.7548049169136135
0.01,0.09263157894736843,0.7052631578947368,intermediate,closed,bistable,0.29266739299038924,1.0,0.9039960783739113,0.12286631050431589,0.32955453747402086,0.7626815518864942
0.01,0.09263157894736843,0.7736842105263158,intermediate,closed,bistable,0.31045692775466427,1.0,0.9023415655319036,0.11500832240730127,0.3307197607454493,0.7661110405032239
0.01,0.09263157894736843,0.8421052631578947,intermediate,closed,bistable,0.3283157177912428,1.0,0.9006274041152139,0.10939797084491938,0.33196474604308523,0.7680546989209873
0.01,0.09263157894736843,0.9105263157894737,intermediate,closed,bistable,0.34628660987545246,1.0,0.8988491515335448,0.10515547081260834,0.3332720557278312,0.7692572819308415
0.01,0.09263157894736843,0.9789473684210527,intermediate,closed,bistable,0.3642987409520344,1.0,0.8970187397934407,0.1019073137698792,0.33463837201062013,0.7700825762058936
0.01,0.09263157894736843,1.0473684210526315,intermediate,closed,bistable,0.38236543009722274,1.0,0.8951297178635568,0.09945590093724813,0.33606056400714884,0.7707165581924063
0.01,0.09263157894736843,1.1157894736842104,intermediate,closed,bistable,0.40042474963698427,1.0,0.8931982106902504,0.09764244349777822,0.33753296798761895,0.7710260519171873
0.01,0.09263157894736843,1.1842105263157894,intermediate,closed,bistable,0.418497643023886,1.0,0.8912130794567987,0.09631266032520144,0.33905721999388655,0.7713366563276811
0.01,0.09263157894736843,1.2526315789473683,intermediate,closed,bistable,0.4365685383341912,1.0,0.8891743510333265,0.09533278416914699,0.34063332938836743,0.7714898166880448
0.01,0.09263157894736843,1.3210526315789475,intermediate,closed,bistable,0.45462440923654845,1.0,0.8870818989202885,0.094620880826664,0.34226147595057343,0.7715976860361252
0.01,0.09263157894736843,1.3894736842105264,intermediate,closed,bistable,0.4726126306064903,1.0,0.8849606259444355,0.09410709933255448,0.34393124611291526,0.7716734068459445
0.01,0.09263157894736843,1.4578947368421054,intermediate,closed,bistable,0.4906069571539549,1.0,0.8827621892800761,0.09377635354379131,0.3456631632770193,0.7718139398264334
0.01,0.09263157894736843,1.5263157894736843,intermediate,closed,bistable,0.5085151018838532,1.0,0.8805388946334783,0.09351444331089702,0.347434966699196,0.7718503771698558
0.01,0.09263157894736843,1.5947368421052632,intermediate,closed,bistable,0.5264166728046388,1.0,0.8782325052184572,0.09332742163764184,0.34927298326546163,0.7718758518989184
0.01,0.09263157894736843,1.6631578947368422,intermediate,closed,bistable,0.5442178106849498,1.0,0.8759049094772611,0.09319409566352525,0.3511494589603232,0.7718936577665384
0.01,0.09263157894736843,1.731578947368421,closed,closed,closed,0.5620041126271155,1.0,0.8734877293755495,0.09309915658600142,0.3530966853215856,0.7719061040514634
0.01,0.09263157894736843,1.8,closed,closed,closed,0.5797268449969125,1.0,0.8710125543130542,0.09303160390479785,0.3551006813052456,0.7719148062599616
0.01,0.10526315789473684,0.5,open,intermediate,bistable,0.19256642729978526,0.23934274017272952,0.9078140268851369,0.5367701961551797,0.3249506208284676,0.37862019719781376
0.01,0.10526315789473684,0.5684210526315789,intermediate,intermediate,intermediate,0.20827002361764685,0.2569510856930047,0.9063315004012488,0.5731543957369006,0.3253678829384516,0.3778405946912064
0.01,0.10526315789473684,0.6368421052631579,intermediate,intermediate,intermediate,0.22423087192953572,0.27451007981096,0.9047224058176134,0.6042561296509261,0.32607489585856403,0.37714599284521855
0.01,0.10526315789473684,0.7052631578947368,intermediate,closed,bistable,0.24043365939695183,1.0,0.9030116255880003,0.12618032768296672,0.32697349602933773,0.7592184282299628
0.01,0.10526315789473684,0.7736842105263158,intermediate,closed,bistable,0.2568656035271204,1.0,0.9012150787382054,0.11590435970578712,0.32800276500495135,0.7646753218927831
0.01,0.10526315789473684,0.8421052631578947,intermediate,closed,bistable,0.27347892227635584,1.0,0.8993485330491341,0.10971119865346185,0.329133869614966,0.7673193837584367
0.01,0.10526315789473684,0.9105263157894737,intermediate,closed,bistable,0.2903095639604498,1.0,0.8974048667428326,0.10525559163229514,0.3303412446806913,0.7688705587857051
0.01,0.10526315789473684,0.9789473684210527,intermediate,closed,bistable,0.30724255045461474,1.0,0.8954133312791517,0.10193444933869131,0.33162184506488535,0.7698729680545957
0.01,0.10526315789473684,1.0473684210526315,intermediate,closed,bistable,0.3243237181321775,1.0,0.8933570250548946,0.09946417745272439,0.33296566255155646,0.7705515324979402
0.01,0.10526315789473684,1.1157894736842104,intermediate,closed,bistable,0.34152557093427083,1.0,0.891237014403736,0.0976428800644354,0.33437185991947016,0.7709825851920548
0.01,0.10526315789473684,1.1842105263157894,intermediate,closed,bistable,0.3587857653491625,1.0,0.8890755763719939,0.09631289730154155,0.33583428027229373,0.7713094128755642
0.01,0.10526315789473684,1.2526315789473683,intermediate,closed,bistable,0.37612308057032445,1.0,0.8868570157594453,0.09533291268616534,0.33735487241564494,0.7714722829875763
0.01,0.10526315789473684,1.3210526315789475,intermediate,closed,bistable,0.3935206286228248,1.0,0.8845818603035441,0.09462094881616834,0.3389336178452267,0.7715863607346221
0.01,0.10526315789473684,1.3894736842105264,intermediate,closed,bistable,0.41092382165172403,1.0,0.8822795888188781,0.09410713468701952,0.34056069586096244,0.771666096245959
0.01,0.10526315789473684,1.4578947368421054,intermediate,closed,bistable,0.4284007002808016,1.0,0.8798947337887728,0.09377637107234443,0.34225483625038605,0.7718092582336215
0.01,0.10526315789473684,1.5263157894736843,intermediate,closed,bistable,0.4458593606614262,1.0,0.8774882730539374,0.09351445226670539,0.3439951408593276,0.7718474557198578
0.01,0.10526315789473684,1.5947368421052632,intermediate,closed,bistable,0.463374174446564,1.0,0.8749939337648955,0.09332742614382047,0.34580639455120266,0.7718739682448805
0.01,0.10526315789473684,1.6631578947368422,intermediate,closed,bistable,0.4808526234807717,1.0,0.8724830517326914,0.09319409791551364,0.34766202285590414,0.7718924432578275
0.01,0.10526315789473684,1.731578947368421,intermediate,closed,bistable,0.49837545641911535,1.0,0.8698783544682472,0.09309915770519152,0.3495929857493142,0.7719053209440577
0.01,0.10526315789473684,1.8,intermediate,closed,bistable,0.5158942855667977,1.0,0.8672164691782451,0.0930316044584304,0.35158582309317726,0.7719143012732682
0.01,0.11789473684210526,0.5,open,open,open,0.15227380434486412,0.1890536657129915,0.9072371032518982,0.4959229308332307,0.32379167344292087,0.369837386216583
0.01,0.11789473684210526,0.5684210526315789,open,intermediate,bistable,0.16632561393111076,0.2053236451404234,0.905674826698484,0.530004913135911,0.3237468567185781,0.3704464620854525
0.01,0.11789473684210526,0.6368421052631579,open,intermediate,bistable,0.18063754357981332,0.2212627501239527,0.9039552241189964,0.562869063691961,0.32413843241171036,0.3704815269814282
0.01,0.11789473684210526,0.7052631578947368,open,closed,bistable,0.19525155176447523,0.9864782536190384,0.902113361239488,0.13277876264819255,0.3248084806229889,0.751163974911415
0.01,0.11789473684210526,0.7736842105263158,intermediate,closed,bistable,0.2101982195478953,1.0,0.9001646658228315,0.11772480744688367,0.3256525370563892,0.7621853827424506
0.01,0.11789473684210526,0.8421052631578947,intermediate,closed,bistable,0.2253888566613966,1.0,0.8981383802179106,0.11018652453853338,0.3266412752089054,0.7662447237492186
0.01,0.11789473684210526,0.9105263157894737,intermediate,closed,bistable,0.24089538092033166,1.0,0.8960184760097397,0.10540698948834994,0.3277220707302521,0.7683097951212
0.01,0.11789473684210526,0.9789473684210527,intermediate,closed,bistable,0.2565992257294114,1.0,0.8938407130370252,0.10198842093652885,0.3288950315781094,0.7695239491373118
0.01,0.11789473684210526,1.0473684210526315,intermediate,closed,bistable,0.27250280460257587,1.0,0.891603999670868,0.09947288790417519,0.3301428316419379,0.7703615864631104
0.01,0.11789473684210526,1.1157894736842104,intermediate,closed,bistable,0.2886122189507847,1.0,0.8892963146416447,0.0976370458485251,0.33146006541408507,0.7708307614117416
0.01,0.11789473684210526,1.1842105263157894,intermediate,closed,bistable,0.30489953974699274,1.0,0.8869194625261126,0.09629612323664086,0.332845933919288,0.7711805728415622
0.01,0.11789473684210526,1.2526315789473683,intermediate,closed,bistable,0.3213026291093471,1.0,0.8845028182672321,0.09533308640482069,0.33429392996982304,0.7714487164153648
0.01,0.11789473684210526,1.3210526315789475,intermediate,closed,bistable,0.33780009589954085,1.0,0.8820561746155539,0.09462104059855399,0.33579884788364395,0.7715711272434176
0.01,0.11789473684210526,1.3894736842105264,intermediate,closed,bistable,0.35445123106157894,1.0,0.8795222447755491,0.09410718237556422,0.33737377514249955,0.7716562578840478
0.01,0.11789473684210526,1.4578947368421054,intermediate,closed,bistable,0.37116280958467973,1.0,0.8769661682229517,0.09373810657554171,0.33900269956296925,0.7717153788091937
0.01,0.11789473684210526,1.5263157894736843,intermediate,closed,bistable,0.3880010461122028,1.0,0.8743188409589718,0.09351446430825498,0.3407051137806146,0.7718434631027659
0.01,0.11789473684210526,1.5947368421052632,intermediate,closed,bistable,0.404874348866758,1.0,0.8716565163847354,0.09332743221593337,0.3424591212715923,0.7718714314459287
0.01,0.11789473684210526,1.6631578947368422,intermediate,closed,bistable,0.4218555369289825,1.0,0.8688981505374995,0.09319410094977472,0.3442906170632073,0.7718908074612413
0.01,0.11789473684210526,1.731578947368421,intermediate,closed,bistable,0.43885232584909617,1.0,0.8661313655805208,0.09309915921305939,0.34617166647590425,0.7719042661220434
0.01,0.11789473684210526,1.8,intermediate,closed,bistable,0.45594434777168547,1.0,0.8632630332181344,0.09303160520430227,0.3481346951377234,0.7719136210409718
0.01,0.13052631578947368,0.5,open,open,open,0.1180535619277017,0.14719532770155985,0.9067593472579906,0.4607220932276946,0.32365230035397063,0.36078996195540813
0.01,0.13052631578947368,0.5684210526315789,open,open,open,0.13089412252483457,0.1615791383827071,0.9051413777714938,0.48888876578161533,0.3228871836680541,0.36258061298128313
0.01,0.13052631578947368,0.6368421052631579,open,open,open,0.1436500812754312,0.17589774417466525,0.9033170600442709,0.5195193252620776,0.32277470750825094,0.3636166834865202
0.01,0.13052631578947368,0.7052631578947368,open,open,open,0.15664097823274237,0.19024929696623213,0.9013475859638065,0.5494726076989341,0.32312229354473077,0.36422123899595144
0.01,0.13052631578947368,0.7736842105263158,open,closed,bistable,0.17000597556578725,0.9997618271685998,0.8992507444503705,0.1248689539887533,0.32372315045748384,0.7563377484115821
0.01,0.13052631578947368,0.8421052631578947,open,closed,bistable,0.18373969942582097,1.0,0.8970411796042695,0.11115244940333724,0.32450509019178087,0.7643941502191827
0.01,0.13052631578947368,0.9105263157894737,open,closed,bistable,0.19775940535849987,1.0,0.8947560754235506,0.10566213168350908,0.32543938388045335,0.7674452624390778
0.01,0.13052631578947368,0.9789473684210527,intermediate,closed,bistable,0.21213934307355312,1.0,0.8923660560386479,0.10207039964473534,0.32647182625593124,0.7690203575311004
0.01,0.13052631578947368,1.0473684210526315,intermediate,closed,bistable,0.22676423673561868,1.0,0.8899197880338225,0.09949006938968954,0.3276030712893446,0.7700423872324073
0.01,0.13052631578947368,1.1157894736842104,intermediate,closed,bistable,0.24163740157095914,1.0,0.8874127201397127,0.09763155570761968,0.3288151951406893,0.7706577042051297
0.01,0.13052631578947368,1.1842105263157894,intermediate,closed,bistable,0.2567649965747132,1.0,0.8848280942401231,0.09627955965094531,0.330102643130602,0.7710398135619486
0.01,0.13052631578947368,1.2526315789473683,intermediate,closed,bistable,0.27208183933549274,1.0,0.8822005913075172,0.09530832815267425,0.3314604683469165,0.7713269732794498
0.01,0.13052631578947368,1.3210526315789475,intermediate,closed,bistable,0.28760112563168344,1.0,0.8795069034648345,0.09462116458458981,0.3328886289158906,0.7715506476960984
0.01,0.13052631578947368,1.3894736842105264,intermediate,closed,bistable,0.30330188635119787,1.0,0.8767492470587512,0.09410724672860263,0.3343869501937835,0.7716430224312255
0.01,0.13052631578947368,1.4578947368421054,intermediate,closed,bistable,0.31912746607912906,1.0,0.8739709415039407,0.0937381395565162,0.33594617941888794,0.7717068316101096
0.01,0.13052631578947368,1.5263157894736843,intermediate,closed,bistable,0.33513914043990006,1.0,0.8710940940358034,0.09347392763272619,0.3375831967620507,0.7717508930071163
0.01,0.13052631578947368,1.5947368421052632,intermediate,closed,bistable,0.35124547099658004,1.0,0.8682061136082838,0.09332744039890205,0.3392782690855069,0.7718680153856875
0.01,0.13052631578947368,1.6631578947368422,intermediate,closed,bistable,0.3675145416072457,1.0,0.8652159585048047,0.09319410503827616,0.34105501019442414,0.7718886043944926
0.01,0.13052631578947368,1.731578947368421,intermediate,closed,bistable,0.3838553149941179,1.0,0.862223368644711,0.09309916124465732,0.34288736787390023,0.7719028453747427
0.01,0.13052631578947368,1.8,intermediate,closed,bistable,0.4003428239767445,1.0,0.8591240869937498,0.09303160620918688,0.3448057576071776,0.7719127047759524
0.01,0.1431578947368421,0.5,open,open,open,0.055757907562850734,0.11451463615952732,0.9045261318067457,0.43178670974153105,0.17229594794413997,0.35241881423148913
0.01,0.1431578947368421,0.5684210526315789,open,open,open,0.062157356959195706,0.12635946842756599,0.9045553201684309,0.4533434083832576,0.18815881747645635,0.3547018601283776
0.01,0.1431578947368421,0.6368421052631579,open,open,open,0.11245207241658571,0.13874973086390072,0.9028699275964577,0.47839924687474805,0.32220484224191626,0.35655345537970173
0.01,0.1431578947368421,0.7052631578947368,open,open,open,0.12400532028787328,0.15148914089641263,0.9007620484997956,0.5058338459451448,0.32201092937979,0.35791103674161956
0.01,0.1431578947368421,0.7736842105263158,open,open,open,0.13584029649676935,0.16452408862275306,0.8985065209966561,0.5332236287583786,0.32224970909191325,0.3589272777131974
0.01,0.1431578947368421,0.8421052631578947,open,closed,bistable,0.14802375043122287,1.0,0.8961294844439263,0.11355607814783432,0.3227799236234159,0.7609268735342513
0.01,0.1431578947368421,0.9105263157894737,open,closed,bistable,0.1605628407226854,1.0,0.8936530931198554,0.10612998423550393,0.323511247604666,0.7660505060782433
0.01,0.1431578947368421,0.9789473684210527,open,closed,bistable,0.17349719122555993,1.0,0.8910649386397619,0.1021821890591926,0.3243761015653845,0.7683348313283216
0.01,0.1431578947368421,1.0473684210526315,open,closed,bistable,0.18675012672816865,1.0,0.8884052943350715,0.09950843663019948,0.3253634607754483,0.7696725167762974
0.01,0.1431578947368421,1.1157894736842104,intermediate,closed,bistable,0.20032408379805727,1.0,0.8856690018857658,0.09762651522671228,0.3264478972977075,0.7704538826969524
0.01,0.1431578947368421,1.1842105263157894,intermediate,closed,bistable,0.21422301084545697,1.0,0.8828375099201932,0.09628018372658455,0.327619308810251,0.7709694004959224
0.01,0.1431578947368421,1.2526315789473683,intermediate,closed,bistable,0.2283796371461252,1.0,0.8799512343106228,0.09530865486902844,0.32887415612409643,0.7712828651266849
0.01,0.1431578947368421,1.3210526315789475,intermediate,closed,bistable,0.24276723942833583,1.0,0.8770242512898584,0.09459049921688728,0.33020497189131326,0.7714349293654267
0.01,0.1431578947368421,1.3894736842105264,intermediate,closed,bistable,0.2573987941506054,1.0,0.8740271802297657,0.09410733361823441,0.3316116096413,0.771625225356644
0.01,0.1431578947368421,1.4578947368421054,intermediate,closed,bistable,0.2722534458668726,1.0,0.8709632473266635,0.09373818404919576,0.33309393525616726,0.7716953315564391
0.01,0.1431578947368421,1.5263157894736843,intermediate,closed,bistable,0.28727507991698437,1.0,0.8678855593466916,0.09347395019445624,0.3346423755406762,0.7717434669140176
0.01,0.1431578947368421,1.5947368421052632,intermediate,closed,bistable,0.3025236996057021,1.0,0.864699782532506,0.09332745137899578,0.3362743866643863,0.7718632361798333
0.01,0.1431578947368421,1.6631578947368422,intermediate,closed,bistable,0.3179088134822839,1.0,0.8615121391182451,0.09319411054772321,0.3379694614666253,0.7718856376152918
0.01,0.1431578947368421,1.731578947368421,intermediate,closed,bistable,0.3334566102463053,1.0,0.8582744780476957,0.09309916398201971,0.33973747807323645,0.7719009318798773
0.01,0.1431578947368421,1.8,intermediate,closed,bistable,0.3491988943365134,1.0,0.8549243573525493,0.09303160756306754,0.3415951834399382,0.7719114706290782
0.01,0.15578947368421053,0.5,open,open,open,0.03538779391426183,0.09015414125012128,0.9027092164509756,0.40526363450369446,0.12841469785942794,0.3457922907702837
0.01,0.15578947368421053,0.5684210526315789,open,open,open,0.037660458918504724,0.09978250380253,0.9027196308394027,0.42036216500249446,0.13254763418468415,0.34819385156123267
0.01,0.15578947368421053,0.6368421052631579,open,open,open,0.040459848289864764,0.11014740521685687,0.9027340627538991,0.4388603631616552,0.13811773117739737,0.3504414460758816
0.01,0.15578947368421053,0.7052631578947368,open,open,open,0.04388069916839683,0.12113855842765775,0.9027221812890845,0.4607593761547797,0.1452563585090493,0.3524121485455455
0.01,0.15578947368421053,0.7736842105263158,open,open,open,0.048606571148249754,0.13270861657766236,0.9026889541165138,0.4850654252129894,0.1563145832190467,0.35408426345515487
0.01,0.15578947368421053,0.8421052631578947,open,open,open,0.11770120829599998,0.144703321763778,0.8954695472870297,0.5099087631724191,0.3215543733589547,0.35549083072893056
0.01,0.15578947368421053,0.9105263157894737,open,closed,bistable,0.12881937803706817,1.0,0.8927720980966604,0.10714938618809183,0.3219795528545745,0.7636163263194033
0.01,0.15578947368421053,0.9789473684210527,open,closed,bistable,0.14026830509732943,1.0,0.8899944907821289,0.10238232172970187,0.32264116416919486,0.7672514610935597
0.01,0.15578947368421053,1.0473684210526315,open,closed,bistable,0.15213460844619514,1.0,0.8870961887503861,0.09954550874696172,0.3234427887255559,0.7690507608933151
0.01,0.15578947368421053,1.1157894736842104,open,closed,bistable,0.16438335292287434,1.0,0.8840936710545407,0.0976160863888618,0.3243682166415564,0.7701171375754847
0.01,0.15578947368421053,1.1842105263157894,open,closed,bistable,0.17694517629633114,1.0,0.8810408605837818,0.09626413349959945,0.3254064160091727,0.7707833499337833
0.01,0.15578947368421053,1.2526315789473683,open,closed,bistable,0.18982696717504927,1.0,0.8779249909619351,0.09528418656948846,0.32653732228640336,0.7711341824061524
0.01,0.15578947368421053,1.3210526315789475,intermediate,closed,bistable,0.20303695243254963,1.0,0.874718119926749,0.09459073209115587,0.3277543561294904,0.7713965546096733
0.01,0.15578947368421053,1.3894736842105264,intermediate,closed,bistable,0.21654913316642832,1.0,0.8714254109445035,0.09410745102296182,0.3290570113145855,0.7716013096969171
0.01,0.15578947368421053,1.4578947368421054,intermediate,closed,bistable,0.23030378659465056,1.0,0.8681040434884596,0.09373824409955699,0.3304386964342538,0.7716798651227679
0.01,0.15578947368421053,1.5263157894736843,intermediate,closed,bistable,0.24427978194945058,1.0,0.8647699122962601,0.09347398062377985,0.3318933358928362,0.7717334740331238
0.01,0.15578947368421053,1.5947368421052632,intermediate,closed,bistable,0.2585332298344405,1.0,0.8613184569716983,0.09328527359775372,0.33343481232814093,0.7717700772769555
0.01,0.15578947368421053,1.6631578947368422,intermediate,closed,bistable,0.27297332016783576,1.0,0.8578695963286334,0.09319411796099501,0.33504575111856566,0.7718815585929515
0.01,0.15578947368421053,1.731578947368421,intermediate,closed,bistable,0.28766288629043574,1.0,0.8543027064199825,0.09309916767055401,0.3367475127489093,0.7718983549585466
0.01,0.15578947368421053,1.8,intermediate,closed,bistable,0.30251235689997735,1.0,0.8507523000471761,0.09303160938722031,0.3385156113000163,0.7719098084102587
0.01,0.16842105263157894,0.5,open,open,open,0.02679888966848438,0.07105719591621018,0.9019712296224803,0.3855739202056943,0.11559786875771348,0.34005198458247593
0.01,0.16842105263157894,0.5684210526315789,open,open,open,0.027774631378717465,0.07885628683750473,0.9019031238268888,0.3945043675111389,0.11672671621514744,0.3423906154512194
0.01,0.16842105263157894,0.6368421052631579,open,open,open,0.02887867542119,0.08732028676189602,0.9018351824452197,0.40659637101438145,0.11815884283303758,0.34470521657639625
0.01,0.16842105263157894,0.7052631578947368,open,open,open,0.030014083433228412,0.0965487152868107,0.9017352925939685,0.4216657694418493,0.1193217681180305,0.34698832387613654
0.01,0.16842105263157894,0.7736842105263158,open,open,open,0.031233365272981563,0.1064182156823641,0.9016190181536278,0.4402341184391485,0.12049842361758524,0.3490921568144269
0.01,0.16842105263157894,0.8421052631578947,open,open,open,0.0326788314235473,0.11685063280354878,0.9015065825135795,0.46192146358452046,0.1222850087630229,0.3509364591080457
0.01,0.16842105263157894,0.9105263157894737,open,closed,bistable,0.03424116063042429,0.9883508348393397,0.9013694491332387,0.10933578053509525,0.12409899499785007,0.7578571356011773
0.01,0.16842105263157894,0.9789473684210527,open,closed,bistable,0.03600883681021284,1.0,0.9012130903827524,0.10276897825729875,0.1262473836069096,0.7654847256051972
0.01,0.16842105263157894,1.0473684210526315,open,closed,bistable,0.03827481453234628,1.0,0.9010439177838913,0.09959552686984466,0.1296883418496238,0.7682314273602463
0.01,0.16842105263157894,1.1157894736842104,open,closed,bistable,0.041432764781344104,1.0,0.9008356365871673,0.09760117470103122,0.13548846956723237,0.7696314568519294
0.01,0.16842105263157894,1.1842105263157894,open,closed,bistable,0.144592486315253,1.0,0.8795015035691701,0.09623180581029364,0.32348214288455607,0.7704730322919061
0.01,0.16842105263157894,1.2526315789473683,open,closed,bistable,0.1561874814917292,1.0,0.876115376966309,0.09525997117684806,0.32446860966297575,0.7709638324933882
0.01,0.16842105263157894,1.3210526315789475,open,closed,bistable,0.1681641768429153,1.0,0.8726165656025618,0.09456028127900042,0.32555223939320976,0.7712578939763881
0.01,0.16842105263157894,1.3894736842105264,open,closed,bistable,0.1804594507283953,1.0,0.8690661915311375,0.09407249656729744,0.32673067523701865,0.7714811707859093
0.01,0.16842105263157894,1.4578947368421054,open,closed,bistable,0.19304898543181598,1.0,0.8654835888326969,0.09373832519704126,0.3279958367754263,0.7716590762139877
0.01,0.16842105263157894,1.5263157894736843,intermediate,closed,bistable,0.20598331042734738,1.0,0.8617627278370983,0.09347402168009862,0.3293525449913754,0.7717200323445811
0.01,0.16842105263157894,1.5947368421052632,intermediate,closed,bistable,0.21913295604945118,1.0,0.8580968775912945,0.09328529423174463,0.33078317049408934,0.7717613933011823
0.01,0.16842105263157894,1.6631578947368422,intermediate,closed,bistable,0.2325900149485494,1.0,0.8543039776132431,0.09315074977120265,0.33230529861014446,0.771789484837994
0.01,0.16842105263157894,1.731578947368421,intermediate,closed,bistable,0.24626457910828387,1.0,0.8505264189892037,0.09309917264115608,0.33390139199974667,0.7718948844843345
0.01,0.16842105263157894,1.8,intermediate,closed,bistable,0.26021896202104355,1.0,0.8466227330200204,0.09303161184512086,0.33559313244151967,0.7719075698091928
0.01,0.18105263157894735,0.5,open,open,open,0.022539737358632086,0.05613786076333199,0.9018085040919143,0.37154656247669654,0.11311394701894043,0.33522517393720597
0.01,0.18105263157894735,0.5684210526315789,open,open,open,0.023098753699351087,0.06227776604155169,0.9016841938573753,0.37594776661047324,0.11311658214106343,0.3372747544138543
0.01,0.18105263157894735,0.6368421052631579,open,open,open,0.023734208685260803,0.06911905928133531,0.9015862874724292,0.38233221120670824,0.11365884093762099,0.3394678627614767
0.01,0.18105263157894735,0.7052631578947368,open,open,open,0.024442851439110163,0.07660183918917599,0.9014928666815318,0.3914228869910551,0.11448052502247649,0.3417063444757975
0.01,0.18105263157894735,0.7736842105263158,open,open,open,0.02517308371090452,0.08474592545731761,0.9013738971591319,0.40356331362392583,0.11503545792796238,0.34393513817475174
0.01,0.18105263157894735,0.8421052631578947,open,open,open,0.025989942024223982,0.0935224625994527,0.9012557869712448,0.4192293803206776,0.11587477083826905,0.34606089896653586
0.01,0.18105263157894735,0.9105263157894737,open,open,open,0.026867366264995963,0.10290261528344902,0.9011237948286348,0.4383632419552819,0.11672367798235661,0.3480086229862288
0.01,0.18105263157894735,0.9789473684210527,open,closed,bistable,0.027760969626909014,0.9999565717646988,0.900969027092684,0.10426819344124824,0.11729603036377097,0.7617448194265125
0.01,0.18105263157894735,1.0473684210526315,open,closed,bistable,0.028763817623403357,1.0,0.9008090934674736,0.09970207107713104,0.11815984172544168,0.7668449542328379
0.01,0.18105263157894735,1.1157894736842104,open,closed,bistable,0.029836740465745935,1.0,0.9006335035526016,0.09758318713236701,0.11903197669578065,0.7689679035261511
0.01,0.18105263157894735,1.1842105263157894,open,closed,bistable,0.030983258656745845,1.0,0.9004416228669192,0.09618391166104487,0.11991210364517468,0.7700275016754303
0.01,0.18105263157894735,1.2526315789473683,open,closed,bistable,0.03220702850947944,1.0,0.9002328097965842,0.0952360874718455,0.12079995168702942,0.7707621377420301
0.01,0.18105263157894735,1.3210526315789475,open,closed,bistable,0.03358817853775236,1.0,0.9000057024556005,0.09456072166121786,0.1219933947166817,0.7711863540441606
0.01,0.18105263157894735,1.3894736842105264,open,closed,bistable,0.03506788131826302,1.0,0.8997561843322367,0.09407271745759174,0.12319942391008909,0.7714363990875972
0.01,0.18105263157894735,1.4578947368421054,open,closed,bistable,0.036742061089193916,1.0,0.8994781285888436,0.09370019478984745,0.12472240975633765,0.7715444026097361
0.01,0.18105263157894735,1.5263157894736843,open,closed,bistable,0.03873935725195405,1.0,0.8991553275622313,0.09347407710286254,0.1268822544408459,0.7717019609009753
0.01,0.18105263157894735,1.5947368421052632,open,closed,bistable,0.1840971311043831,1.0,0.8551155667242122,0.0932853220645439,0.3283319416326283,0.7717497104864502
0.01,0.18105263157894735,1.6631578947368422,open,closed,bistable,0.1964774373566448,1.0,0.8510354394949402,0.09315076366751611,0.32973956855499337,0.7717819375697061
0.01,0.18105263157894735,1.731578947368421,intermediate,closed,bistable,0.20915422083097254,1.0,0.8468928209001584,0.09305494566219064,0.33123710611744694,0.7718037147975335
0.01,0.18105263157894735,1.8,intermediate,closed,bistable,0.22211255580804032,1.0,0.8426939855871277,0.09303161515717386,0.33282460050583806,0.771904555269351
0.01,0.1936842105263158,0.5,open,open,open,0.019632728145483423,0.04467851333949812,0.9018061731276568,0.361193705640978,0.11310113569781541,0.3313512201180796
0.01,0.1936842105263158,0.5684210526315789,open,open,open,0.020054191675322713,0.04946172181971034,0.9016813127014726,0.36205616000495056,0.11310313713799776,0.3330738915728734
0.01,0.1936842105263158,0.6368421052631579,open,open,open,0.02049621983164998,0.05480373404976055,0.9015517985364683,0.36448800567457373,0.1131052422613988,0.33494923503735946
0.01,0.1936842105263158,0.7052631578947368,open,open,open,0.020959764146697143,0.06072249197027574,0.9014174994664417,0.3688547391830424,0.11310745639066011,0.33694766259749126
0.01,0.1936842105263158,0.7736842105263158,open,open,open,0.02144581145189446,0.06727404309027206,0.9012782855113239,0.37538714285170593,0.1131097850920382,0.3390543939703695
0.01,0.1936842105263158,0.8421052631578947,open,open,open,0.021967428153828635,0.07447708516225622,0.9011457116697502,0.3845848879440284,0.11338124791962663,0.3412220443602757
0.01,0.1936842105263158,0.9105263157894737,open,open,open,0.022536494370908117,0.08232482874812119,0.9010154956450431,0.3971662039879983,0.11392579589897261,0.34336949037291026
0.01,0.1936842105263158,0.9789473684210527,open,open,open,0.02314640130189624,0.09073983627818917,0.9008741941931766,0.4137951047817177,0.11447549339503484,0.34537036740070853
0.01,0.1936842105263158,1.0473684210526315,open,closed,bistable,0.02379920361428437,1.0,0.9007213770434276,0.10000314238283299,0.11503008549258409,0.7642858270075213
0.01,0.1936842105263158,1.1157894736842104,open,closed,bistable,0.024469080526287476,1.0,0.9005510366246279,0.09755038056291848,0.11531076842400168,0.7678491877376337
0.01,0.1936842105263158,1.1842105263157894,open,closed,bistable,0.02520975423918311,1.0,0.9003755644757061,0.09613768971863466,0.1158724029967238,0.7695041890246516
0.01,0.1936842105263158,1.2526315789473683,open,closed,bistable,0.025999802069619576,1.0,0.9001873270351062,0.09518804816383011,0.1164384314653203,0.7704303153091142
0.01,0.1936842105263158,1.3210526315789475,open,closed,bistable,0.02684160858188587,1.0,0.8999858832841523,0.09449999794613856,0.11700869475921809,0.7709168191764956
0.01,0.1936842105263158,1.3894736842105264,open,closed,bistable,0.02773763954634881,1.0,0.8997707932313027,0.09403796263145867,0.11758305469527278,0.7712887795932939
0.01,0.1936842105263158,1.4578947368421054,open,closed,bistable,0.028690438805311594,1.0,0.899541619950031,0.09370034720363465,0.11816139173250863,0.7715054360647872
0.01,0.1936842105263158,1.5263157894736843,open,closed,bistable,0.029702624198727493,1.0,0.8992979317757172,0.09347415196865945,0.1187436029902503,0.7716776818315499
0.01,0.1936842105263158,1.5947368421052632,open,closed,bistable,0.03084052565750782,1.0,0.8990315613972047,0.093285359623586,0.11962136230570596,0.7717340005422749
0.01,0.1936842105263158,1.6631578947368422,open,closed,bistable,0.03198571518610641,1.0,0.8987553757276888,0.09315078240793448,0.1202127333405543,0.7717717826139083
0.01,0.1936842105263158,1.731578947368421,open,closed,bistable,0.033198825113407396,1.0,0.8984633550968207,0.0930549549687699,0.12080771684984024,0.7717971547120291
0.01,0.1936842105263158,1.8,open,closed,bistable,0.03456592513223974,1.0,0.8981403704727631,0.09303161961979076,0.1217036697793982,0.7719003850825595
0.01,0.20631578947368423,0.5,open,open,open,0.017451970549870424,0.03589049255141038,0.9018044125844622,0.35379179892409596,0.11309152805848174,0.32827475552898994
0.01,0.20631578947368423,0.5684210526315789,open,open,open,0.017768496131249582,0.03959285343022362,0.9016791340597466,0.35190328977666085,0.1130930468621966,0.3296875357330845
0.01,0.20631578947368423,0.6368421052631579,open,open,open,0.018100736180143115,0.04366774687693597,0.9015491422270168,0.35151046361294425,0.11309464531169364,0.33120360208721417
0.01,0.20631578947368423,0.7052631578947368,open,open,open,0.01844945028892349,0.04830012672356097,0.9014142990048849,0.3521314158186546,0.11309632762993536,0.33290858557190506
0.01,0.20631578947368423,0.7736842105263158,open,open,open,0.018815430314829584,0.05347726445418389,0.9012744668304158,0.354254612263649,0.11309809825143446,0.33476416827135536
0.01,0.20631578947368423,0.8421052631578947,open,open,open,0.019199501037497426,0.059252313994956396,0.9011295092627637,0.35813801394459444,0.11309996182972717,0.3367643453105981
0.01,0.20631578947368423,0.9105263157894737,open,open,open,0.01960252071500324,0.06562740790518307,0.9009792916493065,0.36442889583578086,0.11310192324453666,0.33886047731450825
0.01,0.20631578947368423,0.9789473684210527,open,open,open,0.02002538151741305,0.07256701869283988,0.9008236818560245,0.37420372571769667,0.11310398760850095,0.3409558308437292
0.01,0.20631578947368423,1.0473684210526315,open,closed,bistable,0.020470032864131547,0.95002821206306,0.9006699771480448,0.10330635669192484,0.11337510717451259,0.7513249628931669
0.01,0.20631578947368423,1.1157894736842104,open,closed,bistable,0.02094258686883126,1.0,0.9005075998622604,0.09749999044301882,0.11364768560868933,0.7659821786024071
0.01,0.20631578947368423,1.1842105263157894,open,closed,bistable,0.021444411977310143,1.0,0.9003362783938562,0.09604633159739837,0.11392169264233114,0.7686265665542455
0.01,0.20631578947368423,1.2526315789473683,open,closed,bistable,0.021976928344979087,1.0,0.9001557431278419,0.09509218388973902,0.11419710074812123,0.7698726385786459
0.01,0.20631578947368423,1.3210526315789475,open,closed,bistable,0.022556430926333,1.0,0.8999665450096663,0.09447030033780436,0.11474907635914182,0.770694429941243
0.01,0.20631578947368423,1.3894736842105264,open,closed,bistable,0.023158556609480043,1.0,0.8997650029843164,0.09400338245727005,0.1150283706001787,0.7711190310477857
0.01,0.20631578947368423,1.4578947368421054,open,closed,bistable,0.02381885429490945,1.0,0.8995504913339567,0.09366236272679479,0.11558752324698722,0.7713673294738165
0.01,0.20631578947368423,1.5263157894736843,open,closed,bistable,0.024524654221082666,1.0,0.8993217344255413,0.09343374451346248,0.11615114733360354,0.7715580284329658
0.01,0.20631578947368423,1.5947368421052632,open,closed,bistable,0.025246497837941136,1.0,0.8990853082277023,0.09328541033578412,0.11643640145144078,0.7717128884282694
0.01,0.20631578947368423,1.6631578947368422,open,closed,bistable,0.02604530433433049,1.0,0.8988288813397803,0.09315080769000388,0.11700654227846977,0.7717581246873315
0.01,0.20631578947368423,1.731578947368421,open,closed,bistable,0.026855155713018008,1.0,0.8985682948001503,0.09305496751727368,0.11729521147475078,0.7717883269364183
0.01,0.20631578947368423,1.8,open,closed,bistable,0.027755624852070206,1.0,0.898282757605611,0.09298677552425048,0.11787158207844822,0.7718085136704844
0.01,0.2189473684210526,0.5,open,open,open,0.015820358836703942,0.029255838830905437,0.901803088635999,0.3481909351098979,0.11308434150740666,0.32590608642391733
0.01,0.2189473684210526,0.5684210526315789,open,open,open,0.016057377426196368,0.032037567167655545,0.9016774942422018,0.3445457336656934,0.113085495092563,0.327007724522967
0.01,0.2189473684210526,0.6368421052631579,open,open,open,0.016306316463598723,0.035208945151658524,0.9015471409888194,0.34150563978765247,0.11308670961650204,0.3282590753604982
0.01,0.2189473684210526,0.7052631578947368,open,open,open,0.016567770782453754,0.038736367091645775,0.9014118853798824,0.3395866667596486,0.11308798838101043,0.32962984517844474
0.01,0.2189473684210526,0.7736842105263158,open,open,open,0.016842362830052596,0.04278581463837722,0.9012715838882107,0.338340073998716,0.11308933486338434,0.33119900059953145
0.01,0.2189473684210526,0.8421052631578947,open,open,open,0.017130743570110483,0.04727720524249344,0.901126093515549,0.3385166593082386,0.11309075272416896,0.33289608350865535
0.01,0.2189473684210526,0.9105263157894737,open,open,open,0.017433593352675643,0.05227067513071808,0.9009752724139327,0.3402883148344886,0.11309224581491777,0.33472742926567395
0.01,0.2189473684210526,0.9789473684210527,open,open,open,0.017751622738986714,0.05786074858792923,0.9008189805704814,0.34389304257331416,0.11309381818590981,0.33671055187176746
0.01,0.2189473684210526,1.0473684210526315,open,open,open,0.018085573267194236,0.06402535782501298,0.900657080557219,0.3505455215426097,0.11309547409374535,0.3387651042765801
0.01,0.2189473684210526,1.1157894736842104,open,closed,bistable,0.01843621814289517,0.9893287337102683,0.9004894383467831,0.09737666460462416,0.11309721800872972,0.7614293339779271
0.01,0.2189473684210526,1.1842105263157894,open,closed,bistable,0.018804362836299132,1.0,0.9003159241939623,0.09587065791375765,0.11309905462193968,0.7671547468684674
0.01,0.2189473684210526,1.2526315789473683,open,closed,bistable,0.01919084556555831,1.0,0.900136413581933,0.09499846139723948,0.11310098885184852,0.7692190564666687
0.01,0.2189473684210526,1.3210526315789475,open,closed,bistable,0.019590648129216372,1.0,0.8999518493836717,0.09438022912763461,0.1133719332179378,0.7702528322016843
0.01,0.2189473684210526,1.3894736842105264,open,closed,bistable,0.020016151930535034,1.0,0.8997575927880928,0.093934134924769,0.11364432733486457,0.77083471292134
0.01,0.2189473684210526,1.4578947368421054,open,closed,bistable,0.020468632649593355,1.0,0.8995533716931065,0.0936245067181077,0.1139181405248282,0.7712103940507827
0.01,0.2189473684210526,1.5263157894736843,open,closed,bistable,0.020949415497718706,1.0,0.8993389195352444,0.09343388544510721,0.11419334483814693,0.7715125671013946
0.01,0.2189473684210526,1.5947368421052632,open,closed,bistable,0.02146677437911835,1.0,0.8991074314850276,0.09324332403993156,0.11474506017716779,0.7715984428697974
0.01,0.2189473684210526,1.6631578947368422,open,closed,bistable,0.022011799321081802,1.0,0.8988697005640517,0.09315084181300616,0.11502412757155174,0.7717397657147458
0.01,0.2189473684210526,1.731578947368421,open,closed,bistable,0.02258954168092805,1.0,0.8986209187970774,0.09305498444202105,0.11530448979652438,0.7717764520401168
0.01,0.2189473684210526,1.8,open,closed,bistable,0.0232015248459468,1.0,0.8983608566718456,0.09298678388806077,0.1155861303877585,0.7718008387815515
0.01,0.23157894736842105,0.5,open,open,open,0.014602044937146279,0.02426577923943175,0.9018020962703325,0.34396563208456427,0.11307897634582274,0.32409767834101194
0.01,0.23157894736842105,0.5684210526315789,open,open,open,0.014779135830793488,0.026358510788829365,0.9016762642938441,0.3388647732071749,0.11307985490824785,0.32495865195635676
0.01,0.23157894736842105,0.6368421052631579,open,open,open,0.014965219516710709,0.028762077113659378,0.9015456388843631,0.33409569481807183,0.11308078002831495,0.3259461884872836
0.01,0.23157894736842105,0.7052631578947368,open,open,open,0.015160755320844427,0.03148130755130868,0.9014100723635623,0.3299531824183216,0.11308175426228456,0.32705846142465156
0.01,0.23157894736842105,0.7736842105263158,open,open,open,0.015366225228314186,0.03455291382979078,0.9012694165817506,0.3265285549683679,0.11308278030762745,0.3283083841669419
0.01,0.23157894736842105,0.8421052631578947,open,open,open,0.015582134810167448,0.03802210559444723,0.9011235234398706,0.3238848532285239,0.11308386101008011,0.3297085134027516
0.01,0.23157894736842105,0.9105263157894737,open,open,open,0.015809014154714748,0.041931134950281904,0.9009722454707919,0.3221401374774951,0.11308499937088169,0.33126646788500014
0.01,0.23157894736842105,0.9789473684210527,open,open,open,0.01604741879716017,0.0462727239333497,0.9008154364823124,0.3216992607670541,0.11308619855415841,0.33295769144920745
0.01,0.23157894736842105,1.0473684210526315,open,open,open,0.016297930640072435,0.05118194771157518,0.9006529522637329,0.32252456871402324,0.11308746189442374,0.3348351541571685
0.01,0.23157894736842105,1.1157894736842104,open,open,open,0.0165611588559286,0.056622597776301686,0.9004846513572565,0.32587501236539446,0.11308879290414457,0.33682390969188647
0.01,0.23157894736842105,1.1842105263157894,open,closed,bistable,0.01683774076149351,0.999851456214841,0.9003103958946205,0.09537590587448604,0.11309019528132162,0.7643249286622676
0.01,0.23157894736842105,1.2526315789473683,open,closed,bistable,0.01712834265216863,1.0,0.9001300524984519,0.09478976967722555,0.11309167291701788,0.7680549232890337
0.01,0.23157894736842105,1.3210526315789475,open,closed,bistable,0.017433660582644842,1.0,0.8999434932467004,0.0942612089313108,0.1130932299027556,0.7696549422225245
0.01,0.23157894736842105,1.3894736842105264,open,closed,bistable,0.01775442107822643,1.0,0.8997505966972381,0.09386536734624894,0.11309487053769261,0.7705054800287789
0.01,0.23157894736842105,1.4578947368421054,open,closed,bistable,0.018091381759054646,1.0,0.8995512489682742,0.09358681539002131,0.11309659933547073,0.771025947210603
0.01,0.23157894736842105,1.5263157894736843,open,closed,bistable,0.01843093690399042,1.0,0.8993410042818719,0.09339361219697528,0.1133672779908119,0.7713648630235408
0.01,0.23157894736842105,1.5947368421052632,open,closed,bistable,0.01879316789142596,1.0,0.8991202687139617,0.09324341941426247,0.11363939155532456,0.771558859000947
0.01,0.23157894736842105,1.6631578947368422,open,closed,bistable,0.019188316306306828,1.0,0.8988971329740696,0.09315088788828237,0.11364144722945413,0.7717150545207404
0.01,0.23157894736842105,1.731578947368421,open,closed,bistable,0.019596574315460066,1.0,0.898656732143614,0.0930550072780743,0.11391509174178537,0.7717604862805332
0.01,0.23157894736842105,1.8,open,closed,bistable,0.020030977619466248,1.0,0.8984051322306001,0.09298679516649003,0.1141901184940673,0.7717905131796727
0.01,0.2442105263157895,0.5,open,open,open,0.013693699452684309,0.020496733183455653,0.9018013542729226,0.3409230697946559,0.11307497676712157,0.32271135316584215
0.01,0.2442105263157895,0.5684210526315789,open,open,open,0.013825795608584662,0.022056323492745052,0.9016753441918715,0.33473359898079447,0.11307564898271909,0.32337738145569106
0.01,0.2442105263157895,0.6368421052631579,open,open,open,0.013964648033948961,0.023901208339557507,0.9015445145839787,0.32847671224122915,0.11307635680008409,0.324169100971219
0.01,0.2442105263157895,0.7052631578947368,open,open,open,0.014110607784999231,0.025931117226167175,0.9014087145729919,0.3229404113552918,0.11307710218634524,0.32502872029403646
0.01,0.2442105263157895,0.7736842105263158,open,open,open,0.014264043990787272,0.028265970888405274,0.9012677924658504,0.3177516591144675,0.11307788721986352,0.32602039532332316
0.01,0.2442105263157895,0.8421052631578947,open,open,open,0.014425344695130926,0.03090726280718094,0.9011215962428376,0.31311182543544536,0.1130787140962249,0.327139240353146
0.01,0.2442105263157895,0.9105263157894737,open,open,open,0.014594917720390354,0.03390007357528041,0.9009699741049974,0.3090305609566078,0.11307958513446408,0.3284010409026724
0.01,0.2442105263157895,0.9789473684210527,open,open,open,0.014773191550473064,0.03727299697380138,0.9008127750812555,0.305608517744702,0.1130805027835128,0.32981112258963596
0.01,0.2442105263157895,1.0473684210526315,open,open,open,0.014960616229773944,0.04108359223925233,0.9006498496972364,0.30283938036174063,0.11308146962885716,0.3313919226621132
0.01,0.2442105263157895,1.1157894736842104,open,open,open,0.015157664273970044,0.04541563815894795,0.9004810507071497,0.30067699639547324,0.11308248839938902,0.33317973579054794
0.01,0.2442105263157895,1.1842105263157894,open,closed,bistable,0.015364831587691467,0.9101708593421126,0.9003062338894031,0.09099776432786724,0.11308356197442629,0.7415279933901826
0.01,0.2442105263157895,1.2526315789473683,open,closed,bistable,0.015582638383063936,1.0,0.9001252589057398,0.09431924849614838,0.11308469339087468,0.7659951754669682
0.01,0.2442105263157895,1.3210526315789475,open,closed,bistable,0.015811630091958892,1.0,0.8999379902226505,0.09405487182693718,0.11308588585049319,0.768717897963406
0.01,0.2442105263157895,1.3894736842105264,open,closed,bistable,0.016052378263478953,1.0,0.8997442980926939,0.09376259447204786,0.11308714272721862,0.7700296337334223
0.01,0.2442105263157895,1.4578947368421054,open,closed,bistable,0.01630548143674184,1.0,0.8995440595920007,0.09351133843272438,0.11308846757449605,0.7707213136470192
0.01,0.2442105263157895,1.5263157894736843,open,closed,bistable,0.016571565977396577,1.0,0.8993371597088705,0.09335345727897904,0.11308986413254829,0.7711945434625369
0.01,0.2442105263157895,1.5947368421052632,open,closed,bistable,0.01685128686450435,1.0,0.8991234924767801,0.09320143208204268,0.11309133633550977,0.7714204627720507
0.01,0.2442105263157895,1.6631578947368422,open,closed,bistable,0.017145328412441527,1.0,0.8989029621435365,0.09310760750791758,0.11309288831833353,0.7715953368537064
0.01,0.2442105263157895,1.731578947368421,open,closed,bistable,0.017454404910336403,1.0,0.8986754843666495,0.09305503810564321,0.11309452442336652,0.771739034830672
0.01,0.2442105263157895,1.8,open,closed,bistable,0.017759489856250067,1.0,0.8984286391730857,0.09298681038016834,0.1133650772286216,0.7717766276683831
0.01,0.25684210526315787,0.5,open,open,open,0.013017217601286846,0.017691834034901117,0.9018008005003827,0.3385656234822027,0.1130719984294088,0.32167326729292356
0.01,0.25684210526315787,0.5684210526315789,open,open,open,0.01311562904519759,0.018869206270133738,0.9016746572363745,0.33142840096310305,0.11307251624733114,0.32219957629288276
0.01,0.25684210526315787,0.6368421052631579,open,open,open,0.013219100862793454,0.020181664801392576,0.9015436748344672,0.32455711139802523,0.11307306137637912,0.3227781913151985
0.01,0.25684210526315787,0.7052631578947368,open,open,open,0.013327899334722575,0.021769478876440925,0.9014076999916741,0.3175342261856286,0.11307363532595108,0.3234837626459554
0.01,0.25684210526315787,0.7736842105263158,open,open,open,0.013442304873932023,0.02353206438819791,0.9012665783210103,0.31104112854443977,0.11307423969178064,0.32426104080438883
0.01,0.25684210526315787,0.8421052631578947,open,open,open,0.013562612740963891,0.02554170776293046,0.9011201548159425,0.30487237953478524,0.11307487616079967,0.32514881436320514
0.01,0.25684210526315787,0.9105263157894737,open,open,open,0.013689133786747448,0.027825249230218774,0.9009682743702135,0.2990646377903992,0.11307554651622889,0.32615762122998776
0.01,0.25684210526315787,0.9789473684210527,open,open,open,0.01382219522231039,0.03038408435013507,0.9008107823554562,0.29377040129455,0.11307625264289912,0.327280863018672
0.01,0.25684210526315787,1.0473684210526315,open,open,open,0.013962141414472997,0.03332826636999589,0.9006475252585883,0.28861788987302067,0.11307699653280354,0.3285765521196727
0.01,0.25684210526315787,1.1157894736842104,open,open,open,0.014109334706165393,0.036644663501005516,0.9004783513803929,0.2837354894008643,0.11307778029087688,0.33003356124062994
0.01,0.25684210526315787,1.1842105263157894,open,open,open,0.014264156259509404,0.04040130520301512,0.9003031115960198,0.27862650765652136,0.11307860614099773,0.3316956665252518
0.01,0.25684210526315787,1.2526315789473683,open,closed,bistable,0.014427006919226899,0.9526121571613227,0.9001216601773383,0.08921621268734234,0.11307947643220487,0.7560800536026161
0.01,0.25684210526315787,1.3210526315789475,open,closed,bistable,0.014598308093261231,1.0,0.8999338556760671,0.09367842307866432,0.11308039364511599,0.7672097492818006
0.01,0.25684210526315787,1.3894736842105264,open,closed,bistable,0.014778502646720782,1.0,0.899739561865583,0.09359218184479819,0.11308136039853159,0.7693010819123599
0.01,0.25684210526315787,1.4578947368421054,open,closed,bistable,0.014968055804360149,1.0,0.8995386487380324,0.09343631222900006,0.11308237945620211,0.7703596884434956
0.01,0.25684210526315787,1.5263157894736843,open,closed,bistable,0.015167456055794209,1.0,0.8993309935520803,0.0932731124575661,0.11308345373373192,0.7709094984930833
0.01,0.25684210526315787,1.5947368421052632,open,closed,bistable,0.015377216056481891,1.0,0.8991164819251999,0.09315953284136272,0.11308458630558234,0.7712627906689967
0.01,0.25684210526315787,1.6631578947368422,open,closed,bistable,0.015597873516208864,1.0,0.8988950089628899,0.0931076942933657,0.11308578041213377,0.7715490472011016
0.01,0.25684210526315787,1.731578947368421,open,closed,bistable,0.015829992065330794,1.0,0.8986664804157347,0.09301087800215245,0.11308703946675265,0.7716243790535051
0.01,0.25684210526315787,1.8,open,closed,bistable,0.016074162087404257,1.0,0.8984308138536706,0.0929868309108835,0.1130883670628011,0.7717579662370111
0.01,0.2694736842105263,0.5,open,open,open,0.012513835547799718,0.015570864525604624,0.9018003877749177,0.3369336639472318,0.1130697823693885,0.32087904151317237
0.01,0.2694736842105263,0.5684210526315789,open,open,open,0.012587084084780936,0.0164697283136217,0.9016741451057704,0.32901981980720846,0.11307018489552532,0.3213023736074429
0.01,0.2694736842105263,0.6368421052631579,open,open,open,0.01266411409673871,0.017440656717711615,0.9015430486063547,0.3213654152455918,0.11307060849010288,0.32175084451111685
0.01,0.2694736842105263,0.7052631578947368,open,open,open,0.012745126433384551,0.018597245100565624,0.9014069431425381,0.3136774936138807,0.11307105431118644,0.3222827163042229
0.01,0.2694736842105263,0.7736842105263158,open,open,open,0.012830332841011942,0.01996706174885892,0.9012656722917339,0.30598497317618223,0.11307152358317168,0.3229141464027798
0.01,0.2694736842105263,0.8421052631578947,open,open,open,0.012919956545574197,0.02145099181227025,0.9011190787870789,0.29887726538012727,0.1130720176006072,0.3235909339029002
0.01,0.2694736842105263,0.9105263157894737,open,open,open,0.01301423286288122,0.02318773748528955,0.9009670050153594,0.2917974371589216,0.11307253773221485,0.3243896587321713
0.01,0.2694736842105263,0.9789473684210527,open,open,open,0.013113409836340009,0.025124545047616905,0.900809293571048,0.285125106215499,0.11307308542511817,0.3252766076717881
0.01,0.2694736842105263,1.0473684210526315,open,open,open,0.013217748902499674,0.02734456082083752,0.9006457878683846,0.2785613672458336,0.11307366220928051,0.3262950188463367
0.01,0.2694736842105263,1.1157894736842104,open,open,open,0.013327525584461299,0.029871056850256233,0.9004763328129015,0.2720078306991344,0.11307426970216163,0.3274569707009811
0.01,0.2694736842105263,1.1842105263157894,open,open,open,0.013443030212967529,0.032761520921050634,0.9003007755331068,0.26501169755265097,0.11307490961359248,0.3288007539717507
0.01,0.2694736842105263,1.2526315789473683,open,open,open,0.013564568674692617,0.0360623133425606,0.9001189661722796,0.2561067127601486,0.11307558375087384,0.33038463671399354
0.01,0.2694736842105263,1.3210526315789475,open,closed,bistable,0.013692463186901243,0.9786321116994149,0.8999307587393903,0.08892782897323086,0.11307629402409669,0.7628181142684658
0.01,0.2694736842105263,1.3894736842105264,open,closed,bistable,0.013827053097226327,1.0,0.8997360120171205,0.09325437132299276,0.11307704245168593,0.7680767013066311
0.01,0.2694736842105263,1.4578947368421054,open,closed,bistable,0.013968695706824559,1.0,0.8995345905237979,0.0932487082557255,0.11307783116616067,0.7696857131084598
0.01,0.2694736842105263,1.5263157894736843,open,closed,bistable,0.014117767114591461,1.0,0.8993263655247685,0.09319310213954005,0.11307866242010789,0.7705782275580285
0.01,0.2694736842105263,1.5947368421052632,open,closed,bistable,0.014274663079447318,1.0,0.8991112160874201,0.09311774448774551,0.11307953859235559,0.7710770137188727
0.01,0.2694736842105263,1.6631578947368422,open,closed,bistable,0.014439799896929298,1.0,0.8988890301726223,0.0930645048503443,0.11308046219433429,0.7714007356679947
0.01,0.2694736842105263,1.731578947368421,open,closed,bistable,0.014613615285431574,1.0,0.8986597057539554,0.09301093602266597,0.11308143587660534,0.7715841482235344
0.01,0.2694736842105263,1.8,open,closed,bistable,0.014796569276413474,1.0,0.8984231519546737,0.09294203770089282,0.11308246243553151,0.771647738673802
0.01,0.28210526315789475,0.5,open,open,open,0.012139493804320589,0.013976698699950402,0.9018000804880152,0.335777856820022,0.11306813448537033,0.32027748544397217
0.01,0.28210526315789475,0.5684210526315789,open,open,open,0.012193975742846143,0.014663621061896268,0.9016737637285597,0.3272843997767931,0.11306845105156925,0.32062030693002946
0.01,0.28210526315789475,0.6368421052631579,open,open,open,0.012251278643054465,0.015384982293912839,0.9015425821574311,0.31898815106347145,0.11306878400287679,0.3209731338013524
0.01,0.28210526315789475,0.7052631578947368,open,open,open,0.012311553375595722,0.016288428924739855,0.9014063792645635,0.31042869516909244,0.11306913423006386,0.3214118094026233
0.01,0.28210526315789475,0.7736842105263158,open,open,open,0.012374959128159821,0.01726428220680403,0.9012649970962177,0.30230626480260714,0.11306950267451477,0.3218766745728381
0.01,0.28210526315789475,0.8421052631578947,open,open,open,0.012441663868002238,0.01839415289936767,0.9011182766834315,0.294285847588009,0.11306989033115877,0.3224135347831041
0.01,0.28210526315789475,0.9105263157894737,open,open,open,0.01251184482850789,0.019693288409369677,0.9009660585228759,0.2863688110697328,0.11307029825156381,0.32303237891318454
0.01,0.28210526315789475,0.9789473684210527,open,open,open,0.012585689020622745,0.021149005653317617,0.9008081831124267,0.27871571615899715,0.1130707275472006,0.32372486714512394
0.01,0.28210526315789475,1.0473684210526315,open,open,open,0.012663393769928947,0.022856735410043474,0.9006444915433236,0.2709649350381376,0.1130711793928845,0.324542831325283
0.01,0.28210526315789475,1.1157894736842104,open,open,open,0.012745167280063727,0.024778646026476794,0.9004748261502453,0.2633022955267381,0.11307165503040145,0.32546281614311234
0.01,0.28210526315789475,1.1842105263157894,open,open,open,0.012831229223083742,0.026980683247519753,0.9002990312200041,0.2552854580128314,0.1130721557723263,0.3265255444419493
0.01,0.28210526315789475,1.2526315789473683,open,open,open,0.012921811357250563,0.029434861816468146,0.900116953758781,0.24644127767545979,0.11307268300604081,0.327726058157993
0.01,0.28210526315789475,1.3210526315789475,open,open,open,0.013017158172553977,0.03230972040822256,0.8999284443168907,0.23191934443841083,0.11307323819795644,0.32925322922454087
0.01,0.28210526315789475,1.3894736842105264,open,closed,bistable,0.013117527564092906,0.9994994069048816,0.8997333578691147,0.09226264114155469,0.11307382289795002,0.7656866775402609
0.01,0.28210526315789475,1.4578947368421054,open,closed,bistable,0.01322319153319389,1.0,0.8995315547474224,0.09298816742891458,0.11307443874401664,0.768745911422548
0.01,0.28210526315789475,1.5263157894736843,open,closed,bistable,0.013334436915855228,1.0,0.8993229016217473,0.09303327942263225,0.11307508746714323,0.770023959000432
0.01,0.28210526315789475,1.5947368421052632,open,closed,bistable,0.01345156613775653,1.0,0.8991072725231173,0.09303413195199489,0.11307577089640851,0.7707702840962858
0.01,0.28210526315789475,1.6631578947368422,open,closed,bistable,0.013574897994657345,1.0,0.898884549902127,0.09302139656751382,0.11307649096430795,0.7712291417272237
0.01,0.28210526315789475,1.731578947368421,open,closed,bistable,0.013704768456517904,1.0,0.8986546257143452,0.09296684476658035,0.11307724971230365,0.771444996876305
0.01,0.28210526315789475,1.8,open,closed,bistable,0.013841531493098653,1.0,0.8984174025229522,0.09294207631868077,0.1130780492965956,0.771612693573343
0.01,0.29473684210526313,0.5,open,open,open,0.011343429367834784,0.012804160326596542,0.9019575095585435,0.33483958255627705,0.11552795529791321,0.31983555462280977
0.01,0.29473684210526313,0.5684210526315789,open,open,open,0.01144232577497491,0.013316951982456623,0.9018043366286108,0.3259836790886624,0.11525019896502726,0.32010922119417357
0.01,0.29473684210526313,0.6368421052631579,open,open,open,0.011656070166490642,0.013901946750546419,0.9016182127018461,0.3169387374931181,0.1144229470176567,0.32041637842541576
0.01,0.29473684210526313,0.7052631578947368,open,open,open,0.011989168714976526,0.014523649151886546,0.9014059595508259,0.3081694291299265,0.11306770663063898,0.320734712798475
0.01,0.29473684210526313,0.7736842105263158,open,open,open,0.012036321803040918,0.015273249465901039,0.9012644944287697,0.2993728238656081,0.11306799992702092,0.32111180149650276
0.01,0.29473684210526313,0.8421052631578947,open,open,open,0.012085934847177116,0.016094207129317032,0.9011176794134732,0.2908796237161691,0.11306830828834859,0.3215177706062577
0.01,0.29473684210526313,0.9105263157894737,open,open,open,0.01213814083411949,0.01706825727530723,0.9009653535822394,0.28232294594681634,0.11306863252544891,0.32199985422050875
0.01,0.29473684210526313,0.9789473684210527,open,open,open,0.01219308019374835,0.018216897085068476,0.9008073558569843,0.2736795248052136,0.11306897349459882,0.3225717287228423
0.01,0.29473684210526313,1.0473684210526315,open,open,open,0.01225090122222434,0.019434854872756223,0.9006435255809404,0.26552622672312287,0.11306933210012649,0.32317204750563155
0.01,0.29473684210526313,1.1157894736842104,open,open,open,0.012311760527957703,0.020918509719133595,0.9004737031520574,0.2569790422569017,0.1130697092971609,0.3239117512962207
0.01,0.29473684210526313,1.1842105263157894,open,open,open,0.012375823501301642,0.022532916524563594,0.9002977307137061,0.24856555188362506,0.11307010609453605,0.32471273611840407
0.01,0.29473684210526313,1.2526315789473683,open,open,open,0.01244326480882371,0.02443656705281813,0.9001154529025873,0.23925809621715288,0.11307052355785999,0.32567380929464507
0.01,0.29473684210526313,1.3210526315789475,open,open,open,0.012514268912957401,0.026597532522507215,0.8999267176528173,0.22803308624593938,0.1130709628127565,0.3267985541392847
0.01,0.29473684210526313,1.3894736842105264,open,closed,bistable,0.012589030617764133,0.911587889088,0.8997313770541678,0.08092346572874275,0.11307142504828878,0.7451941201595073
0.01,0.29473684210526313,1.4578947368421054,open,closed,bistable,0.012667755641440069,1.0,0.8995292882613309,0.09232570345542804,0.11307191152057344,0.7669748829784613
0.01,0.29473684210526313,1.5263157894736843,open,closed,bistable,0.012750661216078712,1.0,0.8993203144498604,0.09279477469371678,0.11307242355659546,0.769224040114934
0.01,0.29473684210526313,1.5947368421052632,open,closed,bistable,0.012837976715043489,1.0,0.8991043258131513,0.09290897345550067,0.11307296255823283,0.770327979031975
0.01,0.29473684210526313,1.6631578947368422,open,closed,bistable,0.012929944308110066,1.0,0.8988812005935316,0.09293518329234224,0.11307353000649814,0.7709421174067426
0.01,0.29473684210526313,1.731578947368421,open,closed,bistable,0.013026819644299059,1.0,0.8986508261391623,0.09292281577691858,0.113074127466008,0.7712861001431179
0.01,0.29473684210526313,1.8,open,closed,bistable,0.013128872562029017,1.0,0.8984130999772044,0.09289733699027794,0.11307475658968551,0.7714816093648041
0.01,0.30736842105263157,0.5,open,open,open,0.010785188980043022,0.011932565754467918,0.9020609840447871,0.3341347378947816,0.11721628760501389,0.31950626081907496
0.01,0.30736842105263157,0.5684210526315789,open,open,open,0.010873758968213167,0.012286752450571582,0.9019007520433481,0.32514824058963554,0.11693254329602533,0.31971296792973514
0.01,0.30736842105263157,0.6368421052631579,open,open,open,0.010963939759503041,0.012711655815622674,0.9017374660635581,0.3158252761696305,0.11664974787912943,0.3199540689700516
0.01,0.30736842105263157,0.7052631578947368,open,open,open,0.011055792424630461,0.013212638709951508,0.9015710759678958,0.30643437993078826,0.11636792072121811,0.3202299246945496
0.01,0.30736842105263157,0.7736842105263158,open,open,open,0.011149381390629471,0.013754161469201274,0.9014015337484818,0.2973158414989327,0.11608708237803196,0.3205196935242598
0.01,0.30736842105263157,0.8421052631578947,open,open,open,0.011300868600462753,0.014425648988622515,0.9012178666831282,0.2880694355438911,0.11552817945192573,0.3208723401686058
0.01,0.30736842105263157,0.9105263157894737,open,open,open,0.011511614631213793,0.01511380024482718,0.9010239825347932,0.2792533269963619,0.11469762499075631,0.32122698382634945
0.01,0.30736842105263157,0.9789473684210527,open,open,open,0.011901158085855769,0.015957415191653765,0.9008067401429672,0.27022963926822635,0.11306766935608602,0.32166273364138354
0.01,0.30736842105263157,1.0473684210526315,open,open,open,0.011944156641107661,0.016931273276722617,0.9006428064947579,0.26120339912249924,0.1130679584728454,0.3221664107976183
0.01,0.30736842105263157,1.1157894736842104,open,open,open,0.011989420521930035,0.01800758323271426,0.9004728669969,0.25235480069410404,0.11306826228416571,0.3227209080865612
0.01,0.30736842105263157,1.1842105263157894,open,open,open,0.012037073795252913,0.01921672944602494,0.9002967621826334,0.2434999385235243,0.11306858156844177,0.3233424436052253
0.01,0.30736842105263157,1.2526315789473683,open,open,open,0.012087247584782034,0.020635091290194887,0.9001143349069434,0.23411105105308147,0.11306891714676952,0.3240779202919601
0.01,0.30736842105263157,1.3210526315789475,open,open,open,0.012140080479732123,0.022281467905460407,0.8999254311345409,0.22357686697170948,0.11306926988536246,0.32494803307446196
0.01,0.30736842105263157,1.3894736842105264,open,open,open,0.012195718966086753,0.024131637230006314,0.8997299007808595,0.20987414735610396,0.1130696406981146,0.3259739014111973
0.01,0.30736842105263157,1.4578947368421054,open,closed,bistable,0.012254317881288414,0.9498132391937029,0.899527598602863,0.08326629076900001,0.11307003054931766,0.7572662743162238
0.01,0.30736842105263157,1.5263157894736843,open,closed,bistable,0.012316040893229746,1.0,0.8993183851353471,0.09236085949215993,0.11307044045654675,0.7679385913801561
0.01,0.30736842105263157,1.5947368421052632,open,closed,bistable,0.012381061004365307,1.0,0.8991021276670798,0.09270101433232195,0.11307087149372284,0.7696523050736412
0.01,0.30736842105263157,1.6631578947368422,open,closed,bistable,0.012449561081694533,1.0,0.898878701249867,0.09280609941980197,0.11307132479436578,0.770530224093298
0.01,0.30736842105263157,1.731578947368421,open,closed,bistable,0.012521734413270535,1.0,0.8986479897323181,0.09287886301053962,0.11307180155504844,0.7710984793184109
0.01,0.30736842105263157,1.8,open,closed,bistable,0.012597785291767187,1.0,0.898409886808807,0.09289740995267533,0.11307230303906708,0.7714162636501677
0.01,0.32,0.5,open,open,open,0.010447800492954984,0.011271414014111018,0.9021122190394265,0.33367554531363164,0.11807288024093371,0.31925425044344913
0.01,0.32,0.5684210526315789,open,open,open,0.010472953211458646,0.011575739540798755,0.9019642707771853,0.3242413080501181,0.11807307486435298,0.31944615442687213
0.01,0.32,0.6368421052631579,open,open,open,0.010554675072372972,0.0119070251453917,0.9017960422793216,0.31457611248344364,0.11778658962796325,0.31965177559429525
0.01,0.32,0.7052631578947368,open,open,open,0.010582325972054359,0.012258280897268985,0.9016378799820627,0.3050126286396047,0.11778680210350308,0.319864234564339
0.01,0.32,0.7736842105263158,open,open,open,0.010666659256579048,0.012635743059536323,0.9014617560967131,0.29568996572117057,0.11750122283821153,0.3200842417042749
0.01,0.32,0.8421052631578947,open,open,open,0.010752459044046356,0.013113639291261083,0.9012822268906989,0.2862829308225932,0.11721655737320956,0.32035163425978086
0.01,0.32,0.9105263157894737,open,open,open,0.010839780779411416,0.013669194085968022,0.9010992462176697,0.27689034722950034,0.11693282291517809,0.3206557236569639
0.01,0.32,0.9789473684210527,open,open,open,0.010928683001371066,0.01429907409198915,0.900912771478932,0.2675330828085764,0.11665003772460313,0.32099669166891914
0.01,0.32,1.0473684210526315,open,open,open,0.011019227559807287,0.014979620837328258,0.9007227641670088,0.25837688520322255,0.1163682211812035,0.3213622409782864
0.01,0.32,1.1157894736842104,open,open,open,0.01116773215508768,0.015807283952842404,0.9005243721043426,0.24903683731968101,0.11580729539817379,0.3218073799192738
0.01,0.32,1.1842105263157894,open,open,open,0.011318588942177195,0.016726050111811216,0.9003254440661793,0.2397828762913141,0.11525047429739459,0.3222993068339986
0.01,0.32,1.2526315789473683,open,open,open,0.011822536994762307,0.01777835612274771,0.9001135028508757,0.23031582223947972,0.11306772279464866,0.32286272531191745
0.01,0.32,1.3210526315789475,open,open,open,0.011861824970102448,0.019017846053342665,0.8999244734812708,0.22011263124968358,0.11306801105891859,0.3235333208469862
0.01,0.32,1.3894736842105264,open,open,open,0.011903204598082012,0.020395689709386086,0.8997288016618571,0.2085599168444223,0.11306831372118187,0.32429411116381857
0.01,0.32,1.4578947368421054,open,open,open,0.011946792003421788,0.022020168423929648,0.8995263403478143,0.19129458934794122,0.11306863152441778,0.32526980199354394
0.01,0.32,1.5263157894736843,open,closed,bistable,0.011992710024937634,0.9750495186300852,0.8993169480874401,0.08478245917077379,0.11306896525117482,0.7638056938134863
0.01,0.32,1.5947368421052632,open,closed,bistable,0.012041088611556706,1.0,0.8991004899819994,0.09237011232899404,0.11306931572582574,0.7686383640831219
0.01,0.32,1.6631578947368422,open,closed,bistable,0.01209206524057996,1.0,0.8988768386774924,0.09267748425120134,0.11306968381697723,0.7700461157464634
0.01,0.32,1.731578947368421,open,closed,bistable,0.012145785359103824,1.0,0.8986458753800913,0.09279096171207156,0.11307007044004927,0.7707886461021768
0.01,0.32,1.8,open,closed,bistable,0.012202402849481398,1.0,0.8984074908858015,0.09280801590604998,0.11307047656003494,0.7711611731122183
0.02,0.08,0.5,intermediate,intermediate,intermediate,0.29526085755195597,0.3242848875832045,0.9146905740911649,0.7553377125840134,0.3283349517288672,0.3607267456592407
0.02,0.08,0.5684210526315789,intermediate,intermediate,intermediate,0.3140505576960276,0.3425073265944828,0.9124142833923693,0.7711361004741335,0.32938912660402236,0.3599964618092155
0.02,0.08,0.6368421052631579,intermediate,closed,bistable,0.33294055125353056,1.0,0.9100058417553926,0.16044579270763773,0.3306133298639838,0.7547986919035757
0.02,0.08,0.7052631578947368,intermediate,closed,bistable,0.35188500212120677,1.0,0.9074831802793246,0.14158748393339812,0.33197251642163306,0.7613621073484521
0.02,0.08,0.7736842105263158,intermediate,closed,bistable,0.3708464738553087,1.0,0.904863780730895,0.12836315149063518,0.3334408918386699,0.7649555885449985
0.02,0.08,0.8421052631578947,intermediate,closed,bistable,0.38987562598802533,1.0,0.9021447089932692,0.11801443816192618,0.3350013458267139,0.7673362029018743
0.02,0.08,0.9105263157894737,intermediate,closed,bistable,0.40890628165294507,1.0,0.8993387408854157,0.10987262836213242,0.3366501688642952,0.769046188298719
0.02,0.08,0.9789473684210527,intermediate,closed,bistable,0.4279591958340419,1.0,0.8964381805158036,0.10369666734318697,0.3383860413168915,0.7701426223981325
0.02,0.08,1.0473684210526315,intermediate,closed,bistable,0.44697659636681875,1.0,0.8934609193151662,0.09898596702115896,0.340202399851031,0.770960949521673
0.02,0.08,1.1157894736842104,intermediate,closed,bistable,0.4659869072824106,1.0,0.8903929344089068,0.09548106611307278,0.3421037011046719,0.7715703128844236
0.02,0.08,1.1842105263157894,intermediate,closed,bistable,0.4849802979063029,1.0,0.887232788701889,0.09289322868306597,0.344091441309897,0.7719393742455958
0.02,0.08,1.2526315789473683,intermediate,closed,bistable,0.5039492306022487,1.0,0.8839787247957084,0.09099814217910189,0.3461673842004613,0.7722031478622801
0.02,0.08,1.3210526315789475,intermediate,closed,bistable,0.5228880325286785,1.0,0.8806286745540378,0.08962286700077082,0.3483335531248182,0.772390554509982
0.02,0.08,1.3894736842105264,intermediate,closed,bistable,0.5417925205763217,1.0,0.8771802672930761,0.08869653564668334,0.35059222251631617,0.7726014428076968
0.02,0.08,1.4578947368421054,closed,closed,closed,0.5606596744548662,1.0,0.8736308364910518,0.08799069576661862,0.3529459090367053,0.7726935445454869
0.02,0.08,1.5263157894736843,closed,closed,closed,0.5794873520129145,1.0,0.8699774250417955,0.08748581735862597,0.35539736253991233,0.772758379871179
0.02,0.08,1.5947368421052632,closed,closed,closed,0.5983257785512515,1.0,0.8661728218824065,0.08712550357810016,0.35797199801461943,0.7728039832475765
0.02,0.08,1.6631578947368422,closed,closed,closed,0.6171261611125737,1.0,0.8622505701238421,0.08686876475718192,0.36065483300523127,0.772836036761782
0.02,0.08,1.731578947368421,closed,closed,closed,0.635943888252295,1.0,0.8581557151106978,0.08668602431631506,0.363476357313308,0.7728585581861382
0.02,0.08,1.8,closed,closed,closed,0.6547278645911452,1.0,0.8539275384763669,0.08655604820098192,0.3664182333802516,0.7728743801554336
0.02,0.09263157894736843,0.5,intermediate,intermediate,intermediate,0.2399128308304347,0.2657916634575208,0.91354790618035,0.7284554181577289,0.32609685029684266,0.3565657843852585
0.02,0.09263157894736843,0.5684210526315789,intermediate,intermediate,intermediate,0.25719847352260605,0.2838315334502786,0.9110870610822669,0.7440327232232576,0.3269487348286651,0.356723170413722
0.02,0.09263157894736843,0.6368421052631579,intermediate,closed,bistable,0.27472277192835465,1.0,0.9084731069835642,0.17374767991306522,0.3280049506357817,0.7470219466764244
0.02,0.09263157894736843,0.7052631578947368,intermediate,closed,bistable,0.29243138827664045,1.0,0.9057270418743869,0.1444312183136922,0.3292253809896427,0.7590901693533034
0.02,0.09263157894736843,0.7736842105263158,intermediate,closed,bistable,0.31027922349760784,1.0,0.9028694028069053,0.12921694266624892,0.33057874644495844,0.7640204153707281
0.02,0.09263157894736843,0.8421052631578947,intermediate,closed,bistable,0.3283087499577872,1.0,0.8998940534039042,0.11831503467342958,0.33204016431580174,0.7668707199298602
0.02,0.09263157894736843,0.9105263157894737,intermediate,closed,bistable,0.3464071807732637,1.0,0.896834633585351,0.11006321033069186,0.3336042528918375,0.768691891408252
0.02,0.09263157894736843,0.9789473684210527,intermediate,closed,bistable,0.36462842416194496,1.0,0.8936717693009196,0.10374847706844746,0.33526395550642624,0.7699604892481339
0.02,0.09263157894736843,1.0473684210526315,intermediate,closed,bistable,0.38295090202998183,1.0,0.8904056962237187,0.0989871533017977,0.337019783598901,0.7709113573005423
0.02,0.09263157894736843,1.1157894736842104,intermediate,closed,bistable,0.40131583565986856,1.0,0.8870621691772886,0.0954703346802094,0.3388642216794998,0.7714491371893757
0.02,0.09263157894736843,1.1842105263157894,intermediate,closed,bistable,0.4197496656718932,1.0,0.8836211951086893,0.09289359380644802,0.3408028363135269,0.7719193287168689
0.02,0.09263157894736843,1.2526315789473683,intermediate,closed,bistable,0.43824125808975944,1.0,0.8800818851895033,0.09099833810778625,0.3428372756295542,0.7721901938639945
0.02,0.09263157894736843,1.3210526315789475,intermediate,closed,bistable,0.45678193436830555,1.0,0.8764429842078417,0.0896229699428692,0.3449694632416005,0.7723821898537969
0.02,0.09263157894736843,1.3894736842105264,intermediate,closed,bistable,0.4753650427884884,1.0,0.8727028854715005,0.08863132840330641,0.34720159173725373,0.7725177544903531
0.02,0.09263157894736843,1.4578947368421054,intermediate,closed,bistable,0.49398557545422944,1.0,0.8688596447757958,0.08799072217686103,0.3495361144110113,0.7726901989943044
0.02,0.09263157894736843,1.5263157894736843,intermediate,closed,bistable,0.5126398285131913,1.0,0.8649109931367526,0.08748583070078007,0.3519757357561899,0.7727562227485856
0.02,0.09263157894736843,1.5947368421052632,intermediate,closed,bistable,0.5313756631701355,1.0,0.8608042768578134,0.08712551026545365,0.3545455942519709,0.7728025924881141
0.02,0.09263157894736843,1.6631578947368422,closed,closed,closed,0.5501447752154934,1.0,0.8565793022506968,0.0868687680877077,0.3572310695924683,0.772835140096507
0.02,0.09263157894736843,1.731578947368421,closed,closed,closed,0.5690011111397455,1.0,0.8521751938481791,0.0866860259663571,0.3600625492253237,0.7728579800479541
0.02,0.09263157894736843,1.8,closed,closed,closed,0.5878946315341045,1.0,0.8476379992745213,0.0865560490148911,0.36302195886918887,0.7728740073594375
0.02,0.10526315789473684,0.5,open,intermediate,bistable,0.19238037904220026,0.21680804955411767,0.9124871847228551,0.6946186758206309,0.32442389970215657,0.3531663539584879
0.02,0.10526315789473684,0.5684210526315789,intermediate,intermediate,intermediate,0.20807673341605554,0.23336299280443926,0.9098463981517234,0.7120232615791495,0.32493039876775964,0.35364182972015645
0.02,0.10526315789473684,0.6368421052631579,intermediate,intermediate,intermediate,0.2240464531750792,0.25024354875999777,0.9070175739368631,0.726270572254691,0.32575452086446166,0.3542924170694976
0.02,0.10526315789473684,0.7052631578947368,intermediate,closed,bistable,0.24027870189850753,1.0,0.9040360072394833,0.15105193633647648,0.3267988830399775,0.7545285612474724
0.02,0.10526315789473684,0.7736842105263158,intermediate,closed,bistable,0.2568054283476376,1.0,0.9009097639118617,0.13093647227226934,0.32799716541080326,0.762364729543917
0.02,0.10526315789473684,0.8421052631578947,intermediate,closed,bistable,0.2735428508087714,1.0,0.8976686985312622,0.1189175677644564,0.3293349727998579,0.7660692325260771
0.02,0.10526315789473684,0.9105263157894737,intermediate,closed,bistable,0.29049354367765806,1.0,0.8943160964750126,0.11025651787511749,0.3307892146668679,0.7682881251825736
0.02,0.10526315789473684,0.9789473684210527,intermediate,closed,bistable,0.30762536561755605,1.0,0.8908645323881722,0.10380140088554504,0.3323504490038946,0.7697483452246725
0.02,0.10526315789473684,1.0473684210526315,intermediate,closed,bistable,0.3249510303521863,1.0,0.8872990955974974,0.0990040246979574,0.33401621472219417,0.7707477255591187
0.02,0.10526315789473684,1.1157894736842104,intermediate,closed,bistable,0.34240786625399755,1.0,0.8836516621120002,0.09547125457759623,0.33578008842368706,0.7714059847647442
0.02,0.10526315789473684,1.1842105263157894,intermediate,closed,bistable,0.36001731441115353,1.0,0.879899414172881,0.09289408651909715,0.3376459802608719,0.7718922717695854
0.02,0.10526315789473684,1.2526315789473683,intermediate,closed,bistable,0.3777645856619019,1.0,0.876042652157045,0.09099860263351885,0.33961544003725136,0.7721727724977931
0.02,0.10526315789473684,1.3210526315789475,intermediate,closed,bistable,0.3956378953433887,1.0,0.8720812378342706,0.0896231088086269,0.34169029594983985,0.7723709342361544
0.02,0.10526315789473684,1.3894736842105264,intermediate,closed,bistable,0.4136280160756735,1.0,0.868014614321727,0.08863140015307959,0.3438726545566424,0.7725104874899809
0.02,0.10526315789473684,1.4578947368421054,intermediate,closed,bistable,0.43177353766037635,1.0,0.8637925708814191,0.08799075759720289,0.34618230713754655,0.7726855453819897
0.02,0.10526315789473684,1.5263157894736843,intermediate,closed,bistable,0.4499794724794823,1.0,0.8595084274320586,0.08748584867974142,0.3485891939598024,0.7727533177569926
0.02,0.10526315789473684,1.5947368421052632,intermediate,closed,bistable,0.4683352509755544,1.0,0.855058043952213,0.08712551927588547,0.3511333474161181,0.7728007193459905
0.02,0.10526315789473684,1.6631578947368422,intermediate,closed,bistable,0.4867932651075829,1.0,0.8504884371758477,0.08686877257490387,0.35380069527695196,0.7728339323340006
0.02,0.10526315789473684,1.731578947368421,intermediate,closed,bistable,0.5053524526264188,1.0,0.8457970166179666,0.08668602818935693,0.35659487593609673,0.7728572012863754
0.02,0.10526315789473684,1.8,intermediate,closed,bistable,0.5240682085943602,1.0,0.8409118621741405,0.08655605011139308,0.3595487333345483,0.7728735051804357
0.02,0.11789473684210526,0.5,open,open,open,0.15213952105923637,0.1752144899650521,0.911568116965152,0.6600246353872253,0.3234130414952588,0.3493585992547985
0.02,0.11789473684210526,0.5684210526315789,open,open,open,0.16618742047645185,0.18996018426111047,0.9087555126963056,0.6783204598641523,0.3234442633583927,0.35016393157601616
0.02,0.11789473684210526,0.6368421052631579,open,intermediate,bistable,0.18050825237812718,0.20515888653086298,0.9057123049456882,0.6942313987925421,0.3239390030311875,0.3510168634695474
0.02,0.11789473684210526,0.7052631578947368,open,intermediate,bistable,0.19518921608011483,0.22079831552771156,0.9024738025489446,0.7073291891250638,0.32472417188777997,0.3520231126873744
0.02,0.11789473684210526,0.7736842105263158,intermediate,closed,bistable,0.21018372605636576,1.0,0.8990789249735338,0.1344243487611891,0.3257353217859351,0.7594027835137007
0.02,0.11789473684210526,0.8421052631578947,intermediate,closed,bistable,0.22548858823511408,1.0,0.8955462932418539,0.11983138389103659,0.32691367417205147,0.7648918447648536
0.02,0.11789473684210526,0.9105263157894737,intermediate,closed,bistable,0.24110287834492056,1.0,0.8918790792124495,0.11054867664129636,0.32822853125441287,0.767701129551665
0.02,0.11789473684210526,0.9789473684210527,intermediate,closed,bistable,0.25699074433786157,1.0,0.8880927434478695,0.10390643457722731,0.32966788514156375,0.769393571597423
0.02,0.11789473684210526,1.0473684210526315,intermediate,closed,bistable,0.27312115213505095,1.0,0.8842023772442308,0.09902179484761783,0.33122231928733337,0.7705593568627449
0.02,0.11789473684210526,1.1157894736842104,intermediate,closed,bistable,0.28946710185723323,1.0,0.8802227082385923,0.09546133790195771,0.33288453801588724,0.7712585771993672
0.02,0.11789473684210526,1.1842105263157894,intermediate,closed,bistable,0.30608571609239926,1.0,0.8760881356478408,0.09286344818111261,0.3346642400502811,0.7717699490428644
0.02,0.11789473684210526,1.2526315789473683,intermediate,closed,bistable,0.32287883446949733,1.0,0.8718764626586689,0.09099896002898146,0.33654953788453124,0.7721493567735993
0.02,0.11789473684210526,1.3210526315789475,intermediate,closed,bistable,0.33987130707368257,1.0,0.8675530788999941,0.08962329621850626,0.3385477832944838,0.7723557944338778
0.02,0.11789473684210526,1.3894736842105264,intermediate,closed,bistable,0.3570513043176133,1.0,0.8631188356382455,0.08863149691827134,0.3406610371177075,0.7725007077906116
0.02,0.11789473684210526,1.4578947368421054,intermediate,closed,bistable,0.3744095923768155,1.0,0.8585741048901949,0.0879197252047198,0.34289163549735757,0.7726022211900051
0.02,0.11789473684210526,1.5263157894736843,intermediate,closed,bistable,0.39193914011598474,1.0,0.853918806931403,0.08748587287164414,0.34524218834697895,0.7727493485247823
0.02,0.11789473684210526,1.5947368421052632,intermediate,closed,bistable,0.4096824402620527,1.0,0.8490876457693838,0.0871255314171185,0.34773663849912234,0.7727981967036195
0.02,0.11789473684210526,1.6631578947368422,intermediate,closed,bistable,0.4275922801948127,1.0,0.8441359295070429,0.08686877862069661,0.3503617668004006,0.7728323056236522
0.02,0.11789473684210526,1.731578947368421,intermediate,closed,bistable,0.4456671151767799,1.0,0.8390621897415537,0.08668603118433517,0.353121177655857,0.7728561523180297
0.02,0.11789473684210526,1.8,intermediate,closed,bistable,0.463960746920807,1.0,0.8337868721555777,0.08655605158862575,0.35604727181477613,0.7728728287301706
0.02,0.13052631578947368,0.5,open,open,open,0.11795021548921508,0.14034620055730385,0.9108784064593053,0.6277432653219074,0.3233779043127069,0.3451289034901914
0.02,0.13052631578947368,0.5684210526315789,open,open,open,0.13083830328275955,0.1532365510573815,0.907889704408622,0.6446673215600044,0.3226428992835928,0.3463440107241504
0.02,0.13052631578947368,0.6368421052631579,open,open,open,0.14359862228029863,0.1666198827898757,0.9046228562833952,0.6608951085890107,0.3226274202458346,0.34745820137213573
0.02,0.13052631578947368,0.7052631578947368,open,open,open,0.15660912342767885,0.1805574591939635,0.9011471835451373,0.6751499008705835,0.3230981527852494,0.348628469435907
0.02,0.13052631578947368,0.7736842105263158,open,closed,bistable,0.1700130272625123,0.9971006188789491,0.8974761868368129,0.1484705114149339,0.3238503773863349,0.7511357797777201
0.02,0.13052631578947368,0.8421052631578947,open,closed,bistable,0.18380996185004744,1.0,0.8936295297889879,0.12168533085682288,0.3248140938171447,0.7628218589392276
0.02,0.13052631578947368,0.9105263157894737,open,closed,bistable,0.1979604056158775,1.0,0.8896387146519162,0.11104054240073881,0.32595377097750006,0.7667909343686243
0.02,0.13052631578947368,0.9789473684210527,intermediate,closed,bistable,0.21246711765123447,1.0,0.8855024108326893,0.10406585387987852,0.32723842548389825,0.7688809201132367
0.02,0.13052631578947368,1.0473684210526315,intermediate,closed,bistable,0.2272968689550389,1.0,0.8812390622027764,0.09905673124649342,0.3286560779351266,0.7702428090880963
0.02,0.13052631578947368,1.1157894736842104,intermediate,closed,bistable,0.242420393590105,1.0,0.8768667615451567,0.09545213114565049,0.3301972501850555,0.7710900988400469
0.02,0.13052631578947368,1.1842105263157894,intermediate,closed,bistable,0.25785130742726925,1.0,0.8723570915410521,0.0928332457304631,0.3318605201433905,0.7716358082010684
0.02,0.13052631578947368,1.2526315789473683,intermediate,closed,bistable,0.2735286583686894,1.0,0.8677644875401732,0.09095328394473665,0.3336386488895624,0.7720357336987981
0.02,0.13052631578947368,1.3210526315789475,intermediate,closed,bistable,0.2894736451658558,1.0,0.8630506105014181,0.08962354929171357,0.3355369792150208,0.7723354407645829
0.02,0.13052631578947368,1.3894736842105264,intermediate,closed,bistable,0.30567185206212416,1.0,0.8582181798925705,0.08863162746893816,0.33755755347742883,0.7724875512336401
0.02,0.13052631578947368,1.4578947368421054,intermediate,closed,bistable,0.3221547483461568,1.0,0.8532051683494147,0.08791979176194256,0.3397181072082135,0.7725937238108456
0.02,0.13052631578947368,1.5263157894736843,intermediate,closed,bistable,0.3388290864044371,1.0,0.8481369004373956,0.08741060114254134,0.34199263723071216,0.7726677591163201
0.02,0.13052631578947368,1.5947368421052632,intermediate,closed,bistable,0.3557299419467469,1.0,0.8429548450010038,0.08712554777830077,0.34439714362348745,0.772794799706176
0.02,0.13052631578947368,1.6631578947368422,intermediate,closed,bistable,0.3729006722386456,1.0,0.8375815455061841,0.08686878676685483,0.34695733630733927,0.7728301147939615
0.02,0.13052631578947368,1.731578947368421,intermediate,closed,bistable,0.39029464544943204,1.0,0.8320857714912565,0.0866860352194979,0.34965901311673747,0.7728547394550209
0.02,0.13052631578947368,1.8,intermediate,closed,bistable,0.4079636724336973,1.0,0.8263797039345487,0.08655605357882468,0.35253386705837136,0.7728719175594816
0.02,0.1431578947368421,0.5,open,open,open,0.055756841122135435,0.11159990866982648,0.9084499559177996,0.5997809132836603,0.17228168067776486,0.34072893715118896
0.02,0.1431578947368421,0.5684210526315789,open,open,open,0.06215566206609209,0.12261166174854844,0.9084062591477077,0.6134506265255243,0.18814179131800698,0.34227306475556507
0.02,0.1431578947368421,0.6368421052631579,open,open,open,0.11242263516764002,0.13418758287317975,0.9038937805041882,0.6279012325902423,0.32210103093882664,0.3436880302063014
0.02,0.1431578947368421,0.7052631578947368,open,open,open,0.12398935744202585,0.14634298453513714,0.9001359904177898,0.641952635663276,0.3220150425029695,0.3450538740322027
0.02,0.1431578947368421,0.7736842105263158,open,open,open,0.13585382446395078,0.1590244896499813,0.8961618484806947,0.6547622759443029,0.32238888640306373,0.34643242202033825
0.02,0.1431578947368421,0.8421052631578947,open,closed,bistable,0.14808688208945697,1.0,0.8920040641822963,0.12628501618678595,0.3230823629880146,0.7587539508707695
0.02,0.1431578947368421,0.9105263157894737,open,closed,bistable,0.16073976080579835,1.0,0.8876596847902968,0.11194111879722195,0.32399534338471586,0.7653083596602372
0.02,0.1431578947368421,0.9789473684210527,open,closed,bistable,0.17377879006340916,1.0,0.8831648478569974,0.10428317968306647,0.32509285501941065,0.7681829433395535
0.02,0.1431578947368421,1.0473684210526315,open,closed,bistable,0.18721081668022146,1.0,0.8785131085259008,0.09909408390477069,0.3263435442721234,0.7698759508888681
0.02,0.1431578947368421,1.1157894736842104,intermediate,closed,bistable,0.2010057919206491,1.0,0.873726410596477,0.09544385544468581,0.327735512627357,0.7708910940277537
0.02,0.1431578947368421,1.1842105263157894,intermediate,closed,bistable,0.21513676057332634,1.0,0.8688263833916943,0.09283454210540545,0.32925924404872087,0.7715658811723319
0.02,0.1431578947368421,1.2526315789473683,intermediate,closed,bistable,0.2296188325788702,1.0,0.8637765535858417,0.09095395600965764,0.33091352628029713,0.7719919119715005
0.02,0.1431578947368421,1.3210526315789475,intermediate,closed,bistable,0.24443223814619006,1.0,0.8585827006789787,0.08956678080054455,0.33270000844745584,0.7722289902481094
0.02,0.1431578947368421,1.3894736842105264,intermediate,closed,bistable,0.2595203169982302,1.0,0.8533175064916987,0.08863180368740303,0.3346089290092941,0.7724698602063726
0.02,0.1431578947368421,1.4578947368421054,intermediate,closed,bistable,0.2749085348777767,1.0,0.847927774650054,0.08791988153462442,0.33664912325249197,0.7725822907770385
0.02,0.1431578947368421,1.5263157894736843,intermediate,closed,bistable,0.29058615740769667,1.0,0.8424172779062323,0.08741064646160232,0.338823155699813,0.7726603756514514
0.02,0.1431578947368421,1.5947368421052632,intermediate,closed,bistable,0.3065895214367462,1.0,0.8367063934867595,0.08712556977168466,0.34115278822698414,0.772790048552079
0.02,0.1431578947368421,1.6631578947368422,intermediate,closed,bistable,0.3228255318312981,1.0,0.8309580691228885,0.08686879774379012,0.3436056895313451,0.772827164493628
0.02,0.1431578947368421,1.731578947368421,intermediate,closed,bistable,0.3393815879303687,1.0,0.8250036708278891,0.0866860406563323,0.3462258009385982,0.7728528365788022
0.02,0.1431578947368421,1.8,intermediate,closed,bistable,0.35626258012500955,1.0,0.8188293598145434,0.08655605626018338,0.3490248527720982,0.7728706902742831
0.02,0.15578947368421053,0.5,open,open,open,0.03538763702814985,0.08837574306061936,0.9052226051073381,0.5765203896447817,0.12841036954479565,0.33651875022828137
0.02,0.15578947368421053,0.5684210526315789,open,open,open,0.037660241193294135,0.09750593217292901,0.9052259639513179,0.58624651488859,0.1325428765275225,0.33818715782274844
0.02,0.15578947368421053,0.6368421052631579,open,open,open,0.04045953965543304,0.10730041037526128,0.9052308605699317,0.5973175792476554,0.13811240448659623,0.33981393173124563
0.02,0.15578947368421053,0.7052631578947368,open,open,open,0.04388025715457837,0.11767302129295405,0.9051784120105846,0.6094346554953775,0.14525035631342206,0.3413601401019901
0.02,0.15578947368421053,0.7736842105263158,open,open,open,0.04860589823000369,0.12869549258004664,0.9050675987264544,0.6213347580369836,0.15630761238585972,0.3429129533540058
0.02,0.15578947368421053,0.8421052631578947,open,open,open,0.11779071300053826,0.14027210790506106,0.8907780539628108,0.6323609106251258,0.32179754198719873,0.34449263491854826
0.02,0.15578947368421053,0.9105263157894737,open,closed,bistable,0.1289243544794355,1.0,0.8860935049535559,0.11389812800951145,0.32242270067965834,0.7626664204268648
0.02,0.15578947368421053,0.9789473684210527,open,closed,bistable,0.14049502687307652,1.0,0.8812114707175852,0.1046715727600134,0.32327567181735783,0.7670754188556501
0.02,0.15578947368421053,1.0473684210526315,open,closed,bistable,0.15251371623081283,1.0,0.8761244668492045,0.09916916065190783,0.32431486333504084,0.7692591478547259
0.02,0.15578947368421053,1.1157894736842104,open,closed,bistable,0.1649140011711788,1.0,0.8709126663990558,0.0954265288178322,0.32552746432103463,0.7705634859334124
0.02,0.15578947368421053,1.1842105263157894,open,closed,bistable,0.177708680405945,1.0,0.8655585296124839,0.09280540412069588,0.32688928163529246,0.771386800223036
0.02,0.15578947368421053,1.2526315789473683,open,closed,bistable,0.1908735147648263,1.0,0.8600878123833436,0.09090888490403556,0.3283907872911933,0.7718515555075545
0.02,0.15578947368421053,1.3210526315789475,intermediate,closed,bistable,0.20442553549184794,1.0,0.8544550758017364,0.0895672561288425,0.3300308690247576,0.772190855131549
0.02,0.15578947368421053,1.3894736842105264,intermediate,closed,bistable,0.21834667431537141,1.0,0.848668442269576,0.0886320417006535,0.3318115449162529,0.7724460869807279
0.02,0.15578947368421053,1.4578947368421054,intermediate,closed,bistable,0.23258158227845754,1.0,0.8428170188355288,0.08792000266967354,0.3337228364007553,0.7725669144574623
0.02,0.15578947368421053,1.5263157894736843,intermediate,closed,bistable,0.2471983610116785,1.0,0.8367493649750032,0.08741070757541719,0.3357888106882229,0.7726504401269515
0.02,0.15578947368421053,1.5947368421052632,intermediate,closed,bistable,0.26210536301194926,1.0,0.8306403301271911,0.08704724055694352,0.33798533425289656,0.7727081818460688
0.02,0.15578947368421053,1.6631578947368422,intermediate,closed,bistable,0.2773803937394109,1.0,0.8243148377886532,0.08686881252651224,0.34034772726780205,0.7728231092013907
0.02,0.15578947368421053,1.731578947368421,intermediate,closed,bistable,0.2929310356564984,1.0,0.8179684096303,0.08668604798212917,0.34284174853250765,0.772850273957521
0.02,0.15578947368421053,1.8,intermediate,closed,bistable,0.30889491320014395,1.0,0.8112930482611054,0.08655605987285049,0.3455396362366041,0.7728690372970795
0.02,0.16842105263157894,0.5,open,open,open,0.02679884313671515,0.0698783576347734,0.9038411021813373,0.5581035183959492,0.11559570971144238,0.33270513544034935
0.02,0.16842105263157894,0.5684210526315789,open,open,open,0.02777457471548096,0.07728657291790592,0.9037055420828577,0.5636069365815835,0.11672453675917469,0.3343437658234656
0.02,0.16842105263157894,0.6368421052631579,open,open,open,0.028878606672061668,0.08536107752280384,0.9035697344999165,0.5706770468404696,0.11815663183378688,0.33601892772733316
0.02,0.16842105263157894,0.7052631578947368,open,open,open,0.03001400361413008,0.09401966294314162,0.9033731107891343,0.5794806847301266,0.11931957572172959,0.33766189394063534
0.02,0.16842105263157894,0.7736842105263158,open,open,open,0.031233274750141753,0.10336795218887804,0.903145122604899,0.5889706467139459,0.12049627538273239,0.33933366873275495
0.02,0.16842105263157894,0.8421052631578947,open,open,open,0.03267872728603665,0.11326818379574954,0.9029235426300165,0.5990903112447571,0.12228288487114355,0.3409757877121923
0.02,0.16842105263157894,0.9105263157894737,open,closed,bistable,0.034241044430322415,0.9870563300080174,0.9026547871690134,0.11794424727688813,0.12409693928616812,0.756317554219817
0.02,0.16842105263157894,0.9789473684210527,open,closed,bistable,0.036008709534967515,1.0,0.9023489345353262,0.10542004442507442,0.12624542898018723,0.7652569104460509
0.02,0.16842105263157894,1.0473684210526315,open,closed,bistable,0.0382746720328273,1.0,0.9020167169928056,0.09927021502082803,0.12968648969996321,0.7684461005040293
0.02,0.16842105263157894,1.1157894736842104,open,closed,bistable,0.04143259978343128,1.0,0.9016060652282757,0.09540197077322936,0.13548675635270716,0.7700914242573225
0.02,0.16842105263157894,1.1842105263157894,open,closed,bistable,0.1451676981791175,1.0,0.86278189510363,0.09274665089459957,0.32477986241407186,0.7710900247856114
0.02,0.16842105263157894,1.2526315789473683,open,closed,bistable,0.15704075661036934,1.0,0.8567534788503501,0.09086434215205039,0.3261025063440816,0.7716897060726875
0.02,0.16842105263157894,1.3210526315789475,open,closed,bistable,0.16927269247157561,1.0,0.8506741973667679,0.0895109419549735,0.3275761787872778,0.7720616425165426
0.02,0.16842105263157894,1.3894736842105264,open,closed,bistable,0.18192101348501052,1.0,0.8444216055220981,0.08856724641818339,0.3291958718177773,0.7723360954648395
0.02,0.16842105263157894,1.4578947368421054,open,closed,bistable,0.194969648362058,1.0,0.8380066555743909,0.08792016621071677,0.33096399212076416,0.7725462466361557
0.02,0.16842105263157894,1.5263157894736843,intermediate,closed,bistable,0.20840529289801363,1.0,0.8314394522567061,0.08741079001677049,0.33288305456662937,0.7726370755791431
0.02,0.16842105263157894,1.5947368421052632,intermediate,closed,bistable,0.22217586152358101,1.0,0.8248327351150427,0.08704728183153755,0.33494025274415073,0.7726995472569116
0.02,0.16842105263157894,1.6631578947368422,intermediate,closed,bistable,0.2363552795621384,1.0,0.8179937107629321,0.0867882671817004,0.3371667181485576,0.7727425409400316
0.02,0.16842105263157894,1.731578947368421,intermediate,closed,bistable,0.25085274881006,1.0,0.8111429293258204,0.08668605785390741,0.3395319453592997,0.7728468232426468
0.02,0.16842105263157894,1.8,intermediate,closed,bistable,0.2657527186403983,1.0,0.8040616545416485,0.08655606474051442,0.3420788798277164,0.7728668111420652
0.02,0.18105263157894735,0.5,open,open,open,0.02253971161047002,0.05541726834369941,0.9035318706280735,0.5434775736346762,0.11311230131564691,0.32945621655345236
0.02,0.18105263157894735,0.5684210526315789,open,open,open,0.023098725121882192,0.06127545896712367,0.9032899007571953,0.5452934707066708,0.11311501756116402,0.3309322103054349
0.02,0.18105263157894735,0.6368421052631579,open,open,open,0.023734176300206716,0.06774945698086643,0.9030980262876824,0.5485550154497649,0.11365732330987398,0.33250103921311386
0.02,0.18105263157894735,0.7052631578947368,open,open,open,0.024442814773902564,0.07486053151224546,0.9029144476109049,0.5532087843295176,0.11447904615016126,0.33414549892383705
0.02,0.18105263157894735,0.7736842105263158,open,open,open,0.025173044154574987,0.08261333263898213,0.90268207450924,0.5591745478475082,0.11503405335662997,0.33584519903997084
0.02,0.18105263157894735,0.8421052631578947,open,open,open,0.025989899558398158,0.09089937416470152,0.9024510782197475,0.5667667187465433,0.11587343832848715,0.33752418600118095
0.02,0.18105263157894735,0.9105263157894737,open,open,open,0.026867322198132343,0.09988707150692394,0.9021934710527972,0.5745242756947812,0.11672243874188958,0.3392898263095843
0.02,0.18105263157894735,0.9789473684210527,open,closed,bistable,0.027760926984482025,0.9998238236499597,0.9018924783890453,0.10829839200094908,0.1172949244513858,0.7612501453432272
0.02,0.18105263157894735,1.0473684210526315,open,closed,bistable,0.02876377807706468,1.0,0.9015814152391193,0.09948418632964667,0.1181588799970777,0.767069145345064
0.02,0.18105263157894735,1.1157894736842104,open,closed,bistable,0.029836707775557084,1.0,0.9012404565799315,0.09537300972945344,0.1190311914009592,0.7694463014328702
0.02,0.18105263157894735,1.1842105263157894,open,closed,bistable,0.030983237898022094,1.0,0.9008684316964553,0.09265975035669276,0.11991153183892514,0.7706648321051777
0.02,0.18105263157894735,1.2526315789473683,open,closed,bistable,0.032207026415481066,1.0,0.9004641583725981,0.0908204887748037,0.12079963584498742,0.7714967569365015
0.02,0.18105263157894735,1.3210526315789475,open,closed,bistable,0.033588203734440325,1.0,0.9000249963950938,0.08951184002963736,0.12199338216682233,0.7719905663427679
0.02,0.18105263157894735,1.3894736842105264,open,closed,bistable,0.035067946361349474,1.0,0.8995432961926014,0.08856769411876608,0.12319977929366627,0.7722915948361109
0.02,0.18105263157894735,1.4578947368421054,open,closed,bistable,0.036742183715480735,1.0,0.8990074337761017,0.08784943151474404,0.12472321699675468,0.772442294657645
0.02,0.18105263157894735,1.5263157894736843,open,closed,bistable,0.03873956634631288,1.0,0.8983867660914048,0.08741090127807599,0.12688364626782986,0.7726191078265627
0.02,0.18105263157894735,1.5947368421052632,open,closed,bistable,0.18660759236442992,1.0,0.8194316304108369,0.08704733749750615,0.33204752251736463,0.772687930877752
0.02,0.18105263157894735,1.6631578947368422,open,closed,bistable,0.19962682766743245,1.0,0.8120639710647883,0.0867882948799865,0.33411473277690146,0.7727350364034025
0.02,0.18105263157894735,1.731578947368421,intermediate,closed,bistable,0.21300114090724453,1.0,0.8046925977904036,0.08660391512954692,0.3363273509067289,0.7727673103387821
0.02,0.18105263157894735,1.8,intermediate,closed,bistable,0.2268107167536721,1.0,0.7970781774991371,0.08655607129954197,0.33872384391916216,0.7728638133620487
0.02,0.1936842105263158,0.5,open,open,open,0.019632710481962804,0.04421696656439455,0.9035272908789402,0.5321978092145239,0.11309968229685737,0.32676903222221737
0.02,0.1936842105263158,0.5684210526315789,open,open,open,0.02005417212862191,0.04880620833023742,0.9032842406311329,0.5305605569601503,0.11310176050868571,0.32805356968188887
0.02,0.1936842105263158,0.6368421052631579,open,open,open,0.020496198758091597,0.053938145457387,0.903032154496386,0.5300770496536131,0.11310394919879978,0.32946222631687216
0.02,0.1936842105263158,0.7052631578947368,open,open,open,0.020959742014784424,0.05961089370794858,0.9027707787949296,0.5310290005883562,0.11310625429953193,0.33096897549691623
0.02,0.1936842105263158,0.7736842105263158,open,open,open,0.02144578886284059,0.0658523553384574,0.9024998621816529,0.5334163417363166,0.11310868203763007,0.33256192731367834
0.02,0.1936842105263158,0.8421052631578947,open,open,open,0.021967405290400133,0.07266874363576036,0.9022414383608883,0.5372889906546298,0.11338023811053645,0.3342200095739368
0.02,0.1936842105263158,0.9105263157894737,open,open,open,0.022536471560119727,0.08013054848834013,0.9019873469209306,0.5422236118268893,0.11392487767809382,0.33596357005278044
0.02,0.1936842105263158,0.9789473684210527,open,open,open,0.02314637973961831,0.0881570985350255,0.901711963906484,0.548209778918132,0.11447468244089096,0.33774632764489276
0.02,0.1936842105263158,1.0473684210526315,open,closed,bistable,0.023799184896460365,1.0,0.901414483450857,0.10005861450261408,0.11502939948847081,0.7645627727571742
0.02,0.1936842105263158,1.1157894736842104,open,closed,bistable,0.024469067269962542,1.0,0.9010834788163395,0.09532110624260628,0.1153102362736485,0.7683629704985192
0.02,0.1936842105263158,1.1842105263157894,open,closed,bistable,0.025209748525944153,1.0,0.9007425609442679,0.09257629958571653,0.1158720361637244,0.770162626516539
0.02,0.1936842105263158,1.2526315789473683,open,closed,bistable,0.02599980729689499,1.0,0.9003772076077927,0.09073224839947427,0.11643825487184134,0.7711820476315221
0.02,0.1936842105263158,1.3210526315789475,open,closed,bistable,0.026841629047222225,1.0,0.899986596523758,0.08939962357071592,0.11700873639434696,0.77173998657607
0.02,0.1936842105263158,1.3894736842105264,open,closed,bistable,0.02773768064179547,1.0,0.8995699084767174,0.0885033258882731,0.11758334595228888,0.772154333743045
0.02,0.1936842105263158,1.4578947368421054,open,closed,bistable,0.02869050724841085,1.0,0.8991263312119259,0.08784973883607461,0.11816196777509727,0.7724035590390478
0.02,0.1936842105263158,1.5263157894736843,open,closed,bistable,0.02970272830595764,1.0,0.8986550636241885,0.0874110515212459,0.11874450314885858,0.7725949680317342
0.02,0.1936842105263158,1.5947368421052632,open,closed,bistable,0.0308406775980925,1.0,0.8981407166604883,0.08704741260071455,0.11962264330791467,0.7726723102595879
0.02,0.1936842105263158,1.6631578947368422,open,closed,bistable,0.03198592649234314,1.0,0.8976075755881362,0.08678833222890707,0.12021443643253045,0.7727249389404026
0.02,0.1936842105263158,1.731578947368421,open,closed,bistable,0.033199111317885305,1.0,0.8970443062316782,0.08660393362033553,0.12080989722571468,0.7727607873676674
0.02,0.1936842105263158,1.8,open,closed,bistable,0.03456631067213214,1.0,0.8964224152506562,0.08655608014509966,0.12170641928700542,0.7728596676146494
0.02,0.20631578947368423,0.5,open,open,open,0.017451958268166298,0.035625705692130805,0.9035238317566261,0.5235736585802662,0.1130902185618728,0.3246071960996215
0.02,0.20631578947368423,0.5684210526315789,open,open,open,0.01776848257779701,0.0391870571789123,0.9032799604803279,0.518982683816731,0.11309181089137564,0.32569259988589666
0.02,0.20631578947368423,0.6368421052631579,open,open,open,0.018100721611985556,0.043152954883594094,0.9030269364852743,0.5155662030688527,0.11309348859839677,0.3268806842865699
0.02,0.20631578947368423,0.7052631578947368,open,open,open,0.018449435040276543,0.047586829527088516,0.9027644925529097,0.5132599316299981,0.11309525639028963,0.32818755773306574
0.02,0.20631578947368423,0.7736842105263158,open,open,open,0.018815414810804773,0.052580069728133394,0.9024923624954349,0.5117845893184023,0.11309711922599318,0.32964113974818143
0.02,0.20631578947368423,0.8421052631578947,open,open,open,0.0191994858098795,0.05805923863211714,0.9022102823211096,0.5118644086206983,0.11309908232636369,0.33117908679624425
0.02,0.20631578947368423,0.9105263157894737,open,open,open,0.019602506420353202,0.06409432950676801,0.9019179915197765,0.5132941514450533,0.11310115118431083,0.33281581249508363
0.02,0.20631578947368423,0.9789473684210527,open,open,open,0.020025368957798103,0.0706966376279744,0.9016152344719273,0.5161640524963359,0.1131033315746057,0.33453356120612554
0.02,0.20631578947368423,1.0473684210526315,open,closed,bistable,0.02047002266397848,0.9484052622269715,0.9013159751652458,0.10671898447888448,0.11337456766937695,0.7503652404968201
0.02,0.20631578947368423,1.1157894736842104,open,closed,bistable,0.02094258028241687,1.0,0.9010000152061272,0.09524686343791289,0.11364727539031153,0.7665643740311262
0.02,0.20631578947368423,1.1842105263157894,open,closed,bistable,0.0214444105584724,1.0,0.9006668396152356,0.09241161124424642,0.11392142576908972,0.7693265058394664
0.02,0.20631578947368423,1.2526315789473683,open,closed,bistable,0.021976934003960655,1.0,0.9003159376603436,0.09060101618432556,0.1141969927045662,0.7707286955507031
0.02,0.20631578947368423,1.3210526315789475,open,closed,bistable,0.022556445983390926,1.0,0.8999484587756345,0.08934489268932255,0.11474914198305702,0.7715277116759849
0.02,0.20631578947368423,1.3894736842105264,open,closed,bistable,0.02315858409287633,1.0,0.899557219761342,0.08843933376055885,0.11502863302744595,0.7719951248397889
0.02,0.20631578947368423,1.4578947368421054,open,closed,bistable,0.023818898096626708,1.0,0.8991412442994595,0.08777932542230345,0.11558800586121729,0.7722763598527478
0.02,0.20631578947368423,1.5263157894736843,open,closed,bistable,0.02452471915954938,1.0,0.8986980240087685,0.08733606988545965,0.11615187869594605,0.7724865010486563
0.02,0.20631578947368423,1.5947368421052632,open,closed,bistable,0.025246588685308623,1.0,0.8982399288288605,0.08704751397745822,0.1164374047625506,0.7726513181697967
0.02,0.20631578947368423,1.6631578947368422,open,closed,bistable,0.026045428938662383,1.0,0.8977438088512448,0.086788382606641,0.11700785798394511,0.7727113583330592
0.02,0.20631578947368423,1.731578947368421,open,closed,bistable,0.02685532041769988,1.0,0.8972394631713326,0.08660395854977708,0.11729686233936953,0.7727520095340197
0.02,0.20631578947368423,1.8,open,closed,bistable,0.027755841655089385,1.0,0.896687761902068,0.08647279061261555,0.11787362308861113,0.7727795674510124
0.02,0.2189473684210526,0.5,open,open,open,0.015820350190577117,0.029071726137358322,0.9035212303978336,0.5171155169617591,0.11308313947700724,0.32289631288632514
0.02,0.2189473684210526,0.5684210526315789,open,open,open,0.016057367908371926,0.03178975048081972,0.9032767388232658,0.5102691576067538,0.11308436416967964,0.32378304435975447
0.02,0.2189473684210526,0.6368421052631579,open,open,open,0.016306306260827703,0.03487718731575728,0.9030230051848337,0.5039667297532471,0.11308565472747031,0.32478818823855926
0.02,0.2189473684210526,0.7052631578947368,open,open,open,0.016567760135232066,0.03832293294791961,0.902759751661626,0.49867832543845114,0.11308701483922039,0.3258978307319777
0.02,0.2189473684210526,0.7736842105263158,open,open,open,0.016842352041887415,0.042183678664203,0.9024867003896623,0.49434866973939434,0.11308844840045848,0.32712743436416175
0.02,0.2189473684210526,0.8421052631578947,open,open,open,0.017130733018141484,0.04650333768235779,0.9022035745425396,0.4910021406194595,0.1130899595234256,0.32848274825825596
0.02,0.2189473684210526,0.9105263157894737,open,open,open,0.017433583499829514,0.05130218888409106,0.90191009952985,0.4888192140561709,0.11309155254723878,0.32995601485895315
0.02,0.2189473684210526,0.9789473684210527,open,open,open,0.017751614147864275,0.0566691006859575,0.9016060043176045,0.48760131481025737,0.11309323204812237,0.3315754075294039
0.02,0.2189473684210526,1.0473684210526315,open,open,open,0.018085566615911538,0.06255157498972609,0.9012910228737251,0.48802792778122595,0.11309500284962476,0.33328549732737517
0.02,0.2189473684210526,1.1157894736842104,open,closed,bistable,0.018436214243124496,0.9903049703889707,0.9009648957402773,0.09507565472821862,0.11309687003272074,0.7622581618474018
0.02,0.2189473684210526,1.1842105263157894,open,closed,bistable,0.018804362653780948,1.0,0.9006273717323182,0.09209669572378654,0.11309883894568216,0.7679373529682441
0.02,0.2189473684210526,1.2526315789473683,open,closed,bistable,0.01919085024338311,1.0,0.9002782097611993,0.09038489514352131,0.11310091521358055,0.7700396863314611
0.02,0.2189473684210526,1.3210526315789475,open,closed,bistable,0.019590659017387217,1.0,0.8999193366442584,0.08917880492515778,0.11337200993475019,0.7711152130305006
0.02,0.2189473684210526,1.3894736842105264,open,closed,bistable,0.02001617084213616,1.0,0.8995418109071737,0.08831123995403378,0.11364456907594954,0.7717316731000278
0.02,0.2189473684210526,1.4578947368421054,open,closed,bistable,0.020468661766236153,1.0,0.899145117271904,0.08770919788421763,0.11391856335778987,0.772130492652078
0.02,0.2189473684210526,1.5263157894736843,open,closed,bistable,0.020949457433708622,1.0,0.8987287514762958,0.08733635262291377,0.11419396635757727,0.772441305152123
0.02,0.2189473684210526,1.5947368421052632,open,closed,bistable,0.02146683297101021,1.0,0.8982799535907118,0.08696940093987907,0.11474590568195846,0.7725483369557399
0.02,0.2189473684210526,1.6631578947368422,open,closed,bistable,0.02201187787790634,1.0,0.8978189170813776,0.08678845058590196,0.11502521472736657,0.7726931032825888
0.02,0.2189473684210526,1.731578947368421,open,closed,bistable,0.022589644682862776,1.0,0.8973366637297167,0.0866039921686401,0.11530584193433545,0.7727402018145589
0.02,0.2189473684210526,1.8,open,closed,bistable,0.023201657592798484,1.0,0.8968327618835706,0.08647280718067962,0.11558777300694385,0.7727719360714317
0.02,0.23157894736842105,0.5,open,open,open,0.014602038784000973,0.024112188618072357,0.9035192805155913,0.5122300278102561,0.113077854446869,0.3215682201671151
0.02,0.23157894736842105,0.5684210526315789,open,open,open,0.014779129071633135,0.026167325016700813,0.9032743223689689,0.5035901183490566,0.11307880231670651,0.32228254498177555
0.02,0.23157894736842105,0.6368421052631579,open,open,open,0.01496521228795525,0.028545938828949922,0.9030200543427277,0.49502206311547287,0.113079801063552,0.3231132126037343
0.02,0.23157894736842105,0.7052631578947368,open,open,open,0.015160747796781844,0.031181837200820274,0.9027561904255486,0.4873845171062231,0.11308085355597454,0.3240245037516362
0.02,0.23157894736842105,0.7736842105263158,open,open,open,0.015366217627434082,0.03414262554156012,0.9024824437029643,0.4805232913226683,0.11308196282784078,0.3250429703297583
0.02,0.23157894736842105,0.8421052631578947,open,open,open,0.015582127402394173,0.037489920035850215,0.9021985273636888,0.4743252040160766,0.11308313208714407,0.32618956760559964
0.02,0.23157894736842105,0.9105263157894737,open,open,open,0.01580900726965615,0.04125281537357736,0.90190415582001,0.4689113367384876,0.11308436472511324,0.3274667471904422
0.02,0.23157894736842105,0.9789473684210527,open,open,open,0.016047412833502014,0.04550684630141183,0.9015990459468527,0.46413323754064106,0.11308566432557324,0.3289019423465695
0.02,0.23157894736842105,1.0473684210526315,open,open,open,0.01629792607626315,0.050219453474108625,0.90128291844314,0.4605842363891616,0.11308703467451936,0.33046065511802647
0.02,0.23157894736842105,1.1157894736842104,open,open,open,0.016561156262315205,0.055395087648323085,0.9009554993178246,0.4588081782495345,0.11308847976985897,0.3321158086854743
0.02,0.23157894736842105,1.1842105263157894,open,closed,bistable,0.016837740814087277,1.0,0.9006165215014402,0.09124537243696323,0.1130900038312605,0.7653776746753715
0.02,0.23157894736842105,1.2526315789473683,open,closed,bistable,0.017128346148237713,1.0,0.9002657265821935,0.0900041754530227,0.11309161131004006,0.7689538023616588
0.02,0.23157894736842105,1.3210526315789475,open,closed,bistable,0.017433668458351974,1.0,0.8999028666634928,0.088959766601824,0.1130933068990006,0.770556717108196
0.02,0.23157894736842105,1.3894736842105264,open,closed,bistable,0.017754434428550698,1.0,0.8995277063373402,0.0881842061532149,0.11309509554212055,0.771423773711261
0.02,0.23157894736842105,1.4578947368421054,open,closed,bistable,0.01809140186026023,1.0,0.899140024765313,0.08763942883685759,0.11309698244397598,0.7719573345704128
0.02,0.23157894736842105,1.5263157894736843,open,closed,bistable,0.018430965548181324,1.0,0.8987315419846928,0.08726167073101973,0.11336783257593464,0.7723050035958924
0.02,0.23157894736842105,1.5947368421052632,open,closed,bistable,0.018793207111016078,1.0,0.8983028769680806,0.08696959156020612,0.11364013290219747,0.7725089822442391
0.02,0.23157894736842105,1.6631578947368422,open,closed,bistable,0.019188367845251506,1.0,0.8978692129617281,0.08678854235812432,0.11364238550383433,0.772668537574659
0.02,0.23157894736842105,1.731578947368421,open,closed,bistable,0.019596641444521497,1.0,0.8974026770058375,0.08660403752124385,0.11391624930647856,0.7727243263672687
0.02,0.23157894736842105,1.8,open,closed,bistable,0.02003106364336071,1.0,0.8969146177182546,0.08647282951984553,0.11419151489993531,0.7727616690029684
0.02,0.2442105263157895,0.5,open,open,open,0.013693695033478306,0.02041806330623122,0.9035178225588089,0.5082525185883634,0.11307391454915058,0.3205672746112723
0.02,0.2442105263157895,0.5684210526315789,open,open,open,0.013825790762653348,0.02193553203235905,0.9032725146387489,0.4983693903445672,0.11307465473311924,0.3211282438370489
0.02,0.2442105263157895,0.6368421052631579,open,open,open,0.013964642861354588,0.023714332206431692,0.9030178456540978,0.4883163985306277,0.113075434382534,0.3217876488470622
0.02,0.2442105263157895,0.7052631578947368,open,open,open,0.014110602412764689,0.025757390530020633,0.9027535233304925,0.4784751415992706,0.11307625571992633,0.32254620604227663
0.02,0.2442105263157895,0.7736842105263158,open,open,open,0.014264038577281089,0.02800827194772459,0.9024792538152588,0.46952337917776543,0.11307712109758682,0.3233747685224072
0.02,0.2442105263157895,0.8421052631578947,open,open,open,0.014425339435055893,0.030564493649538615,0.9021947426216881,0.4610472884646799,0.11307803300489258,0.3243164080197499
0.02,0.2442105263157895,0.9105263157894737,open,open,open,0.014594912850451424,0.03350622808080556,0.9018996956834145,0.45279292337610133,0.11307899407594833,0.32540500019318236
0.02,0.2442105263157895,0.9789473684210527,open,open,open,0.014773187355808952,0.03678166328941213,0.9015938205236073,0.44539158932196055,0.11308000709753353,0.32660510858075753
0.02,0.2442105263157895,1.0473684210526315,open,open,open,0.014960613051246536,0.04044313506014908,0.9012768275427837,0.43877293490466174,0.11308107501734543,0.3279349145951007
0.02,0.2442105263157895,1.1157894736842104,open,open,open,0.015157662516416126,0.044618981232163665,0.9009484314279423,0.4325082889668215,0.11308220095252067,0.3294535447594246
0.02,0.2442105263157895,1.1842105263157894,open,closed,bistable,0.0153648317292525,0.9277431570828066,0.90060835268429,0.08539403136819496,0.11308338819841392,0.7494640617181071
0.02,0.2442105263157895,1.2526315789473683,open,closed,bistable,0.015582640985722625,1.0,0.900256319289195,0.08919241118928498,0.11308464023760309,0.7671118842530619
0.02,0.2442105263157895,1.3210526315789475,open,closed,bistable,0.015811635813424277,1.0,0.8998920684660695,0.08858102468616123,0.11308596074908364,0.7696892473635247
0.02,0.2442105263157895,1.3894736842105264,open,closed,bistable,0.016052387870576987,1.0,0.8995153485736119,0.08799458566407463,0.11308735361760444,0.7709801546848467
0.02,0.2442105263157895,1.4578947368421054,open,closed,bistable,0.016305495820483726,1.0,0.8991259211034253,0.08749978109445332,0.11308882294308839,0.7716750309436008
0.02,0.2442105263157895,1.5263157894736843,open,closed,bistable,0.016571586169914623,1.0,0.8987235627762173,0.08718725649128432,0.11309037305006489,0.7721462738415104
0.02,0.2442105263157895,1.5947368421052632,open,closed,bistable,0.016851314058062842,1.0,0.8983080677239123,0.08689170942490702,0.11309200849703403,0.7723822417916247
0.02,0.2442105263157895,1.6631578947368422,open,closed,bistable,0.017145363980749465,1.0,0.8978792497418715,0.0867082071240701,0.11309373408565981,0.7725605312582735
0.02,0.2442105263157895,1.731578947368421,open,closed,bistable,0.01745445043240927,1.0,0.8974369445922563,0.0866040987301669,0.11309555486967822,0.7727029962482863
0.02,0.2442105263157895,1.8,open,closed,bistable,0.017759547933295733,1.0,0.8969577745478015,0.08647285964899373,0.11336631287037484,0.7727478622001039
0.02,0.25684210526315787,0.5,open,open,open,0.013017214403573183,0.017590717229294544,0.9035167344361121,0.5056457205952563,0.11307098062315729,0.3197803695166894
0.02,0.25684210526315787,0.5684210526315789,open,open,open,0.013115625543674648,0.018758076143400318,0.9032711649590607,0.4943490322208549,0.11307156541389869,0.3202461354022156
0.02,0.25684210526315787,0.6368421052631579,open,open,open,0.013219097131080817,0.02010237826648563,0.9030161959478696,0.4829230943112703,0.11307218103831271,0.32078002551027873
0.02,0.25684210526315787,0.7052631578947368,open,open,open,0.013327895465806342,0.021650340595191043,0.9027515303752013,0.47157925535601125,0.11307282921815637,0.32139296484868557
0.02,0.25684210526315787,0.7736842105263158,open,open,open,0.013442300983238582,0.023352342533350345,0.9024768691131323,0.46092529344289296,0.11307351177574917,0.3220613148517874
0.02,0.25684210526315787,0.8421052631578947,open,open,open,0.01356260896984397,0.025331283065328013,0.9021919118273137,0.4503128901511544,0.11307423063981427,0.32284442210484404
0.02,0.25684210526315787,0.9105263157894737,open,open,open,0.01368913030642017,0.02755566367237489,0.9018963579775684,0.4402050182283029,0.11307498785160905,0.3237237788514633
0.02,0.25684210526315787,0.9789473684210527,open,open,open,0.013822192238322362,0.030086278016688096,0.9015899079295804,0.4304329676833744,0.11307578557134923,0.32472465489016356
0.02,0.25684210526315787,1.0473684210526315,open,open,open,0.013962139171733943,0.03290602266666041,0.9012722641814964,0.4213213690091652,0.1130766260849303,0.325832642363706
0.02,0.25684210526315787,1.1157894736842104,open,open,open,0.01410933349462788,0.0361451233803354,0.9009431327081904,0.4122100970203254,0.1130775118109445,0.3271144260672159
0.02,0.25684210526315787,1.1842105263157894,open,open,open,0.014264156420568296,0.03974749933163343,0.9006022244246277,0.4036857249090396,0.1130784453079911,0.3285350362967092
0.02,0.25684210526315787,1.2526315789473683,open,closed,bistable,0.014427008852921166,0.9622269611060511,0.9002492567682099,0.08184816323029749,0.11307942928227468,0.7604246926221337
0.02,0.25684210526315787,1.3210526315789475,open,closed,bistable,0.014598312266370346,1.0,0.8998839553981539,0.08789338609048902,0.11308046659547913,0.7683131864447039
0.02,0.25684210526315787,1.3894736842105264,open,closed,bistable,0.014778509601856877,1.0,0.8995060560078708,0.08768075834971945,0.11308156027290413,0.770305844351597
0.02,0.25684210526315787,1.4578947368421054,open,closed,bistable,0.014968066170167629,1.0,0.8991153062440056,0.08736114644968344,0.11308271351184104,0.7713363513351409
0.02,0.25684210526315787,1.5263157894736843,open,closed,bistable,0.015167470558379645,1.0,0.8987114677232299,0.08703844901246438,0.1130839296901638,0.7718842279089159
0.02,0.25684210526315787,1.5947368421052632,open,closed,bistable,0.015377235532209271,1.0,0.898294318135179,0.08681403630546004,0.11308521237509658,0.7722363923559158
0.02,0.25684210526315787,1.6631578947368422,open,closed,bistable,0.01559789892600833,1.0,0.8978636534170771,0.08670837991985858,0.11308656533211625,0.7725145192265843
0.02,0.25684210526315787,1.731578947368421,open,closed,bistable,0.015830024510683088,1.0,0.8974192899826663,0.08652212543096914,0.1130879925339344,0.7726001843934454
0.02,0.25684210526315787,1.8,open,closed,bistable,0.01607420282817831,1.0,0.8969610669852003,0.08647290029981629,0.11308949816949243,0.7727293065395834
0.02,0.2694736842105263,0.5,open,open,open,0.012513833220080877,0.015530262780589726,0.9035159234547968,0.5032918938202489,0.1130687975911637,0.31920942367533633
0.02,0.2694736842105263,0.5684210526315789,open,open,open,0.01258708153876637,0.016384608647029536,0.9032701587547745,0.49123269417290527,0.11306926635023799,0.3195791234680025
0.02,0.2694736842105263,0.6368421052631579,open,open,open,0.012664111386717065,0.01741412479982575,0.9030149656991017,0.4786053305929264,0.11306975944547452,0.32002105318065344
0.02,0.2694736842105263,0.7052631578947368,open,open,open,0.01274512362765851,0.018510469391777026,0.9027500436738235,0.4665907570994132,0.11307027821489454,0.3204834970809595
0.02,0.2694736842105263,0.7736842105263158,open,open,open,0.012830330024077186,0.019865350979521215,0.9024750895647119,0.45405967784619056,0.11307082407378789,0.32105652408800534
0.02,0.2694736842105263,0.8421052631578947,open,open,open,0.012919953820581006,0.02132404099743555,0.9021897986118883,0.4422794150709062,0.1130713985192307,0.32166860655010093
0.02,0.2694736842105263,0.9105263157894737,open,open,open,0.013014230354411817,0.02302720455951754,0.9018938653677248,0.4304424463478022,0.11307200313484354,0.3223880990259599
0.02,0.2694736842105263,0.9789473684210527,open,open,open,0.01311340769353791,0.024932164051553744,0.901586984762574,0.4190683952465086,0.11307263959580215,0.3231910426741563
0.02,0.2694736842105263,1.0473684210526315,open,open,open,0.013217747302591586,0.027101706987141955,0.9012688532820542,0.40790901838138455,0.11307330967410728,0.32410595616102955
0.02,0.2694736842105263,1.1157894736842104,open,open,open,0.013327524736715578,0.029585232807164453,0.9009391702585813,0.396752751299,0.11307401524412065,0.32515836417444105
0.02,0.2694736842105263,1.1842105263157894,open,open,open,0.013443030363138613,0.0323762206347488,0.9005976392786089,0.38566844651371623,0.11307475828837393,0.3263468260482572
0.02,0.2694736842105263,1.2526315789473683,open,open,open,0.013564570110005227,0.035572834756514765,0.9002439697054717,0.3738478654694095,0.11307554090365739,0.3277342799359994
0.02,0.2694736842105263,1.3210526315789475,open,closed,bistable,0.013692466241633689,0.9916697406340915,0.8998778783160437,0.0858332875381864,0.1130763653073895,0.7650168337883392
0.02,0.2694736842105263,1.3894736842105264,open,closed,bistable,0.013827058158958653,1.0,0.8994990910473593,0.0870608137782436,0.11307723384427128,0.7691911745986072
0.02,0.2694736842105263,1.4578947368421054,open,closed,bistable,0.013968703223423027,1.0,0.8991073448471725,0.08701494802358994,0.11307814899322574,0.7707189142881964
0.02,0.2694736842105263,1.5263157894736843,open,closed,bistable,0.01411777760200882,1.0,0.898702389619984,0.08689043240541089,0.11307911337461639,0.7715764541609844
0.02,0.2694736842105263,1.5947368421052632,open,closed,bistable,0.014274677130425222,1.0,0.8982839902574926,0.08673661746128818,0.11308012975774138,0.7720626648482232
0.02,0.2694736842105263,1.6631578947368422,open,closed,bistable,0.014439818190698464,1.0,0.8978519287397241,0.08662826077263142,0.11308120106859038,0.7723781357537369
0.02,0.2694736842105263,1.731578947368421,open,closed,bistable,0.0146136385985138,1.0,0.8974060062904166,0.08652224060077461,0.11308233039784749,0.7725601853875308
0.02,0.2694736842105263,1.8,open,closed,bistable,0.014796598494640337,1.0,0.8969460455674804,0.08638974923476818,0.11308352100911914,0.7726310086128213
0.02,0.28210526315789475,0.5,open,open,open,0.012139492101932017,0.013978372024078532,0.9035153196508284,0.5016193197049272,0.11306717425773061,0.3187735680694409
0.02,0.28210526315789475,0.5684210526315789,open,open,open,0.012193973882431828,0.014634449211262364,0.9032694094428377,0.48869546471018144,0.11306755650716084,0.3190855472172415
0.02,0.28210526315789475,0.6368421052631579,open,open,open,0.0122512766647161,0.015376150583416546,0.9030140493370308,0.47548345570237316,0.11306795821937243,0.31943342272813513
0.02,0.28210526315789475,0.7052631578947368,open,open,open,0.012311551329636074,0.01624065439326289,0.9027489360243628,0.4621325792659568,0.11306838044078749,0.31983101443873596
0.02,0.28210526315789475,0.7736842105263158,open,open,open,0.012374957076642263,0.01717347486761331,0.9024737633920583,0.4492711353372025,0.11306882427688386,0.3202524695559435
0.02,0.28210526315789475,0.8421052631578947,open,open,open,0.012441661886507813,0.018312089285292238,0.9021882233475489,0.4360310216839327,0.11306929089560012,0.32076513601463735
0.02,0.28210526315789475,0.9105263157894737,open,open,open,0.012511843008111773,0.019564759220247193,0.9018920067431001,0.4232026081317519,0.11306978153093104,0.3213272411955077
0.02,0.28210526315789475,0.9789473684210527,open,open,open,0.01258568747011479,0.021038578962819254,0.9015848044055388,0.4102111781919978,0.11307029748672198,0.3219917191835231
0.02,0.28210526315789475,1.0473684210526315,open,open,open,0.012663392618304885,0.02268877059689416,0.9012663082746895,0.39755728089568876,0.11307084014067204,0.3227341420646319
0.02,0.28210526315789475,1.1157894736842104,open,open,open,0.012745166679316548,0.02455329818222128,0.9009362126531331,0.38507571640914623,0.11307141094855518,0.32357248340267986
0.02,0.28210526315789475,1.1842105263157894,open,open,open,0.012831229351327474,0.02670948309993136,0.90059421556864,0.3722314934321209,0.11307201144867067,0.32455086275529704
0.02,0.28210526315789475,1.2526315789473683,open,open,open,0.012921812422211907,0.029140473597088126,0.9002400202491648,0.35888813824185983,0.11307264326653196,0.3256688971132663
0.02,0.28210526315789475,1.3210526315789475,open,closed,bistable,0.013017160415470418,0.8940461647495738,0.8998733367085856,0.07005890898755993,0.11307330811980357,0.741990197382791
0.02,0.28210526315789475,1.3894736842105264,open,closed,bistable,0.013117531264059942,1.0,0.8994938834393876,0.0853170237634433,0.11307400782349876,0.7671648488862324
0.02,0.28210526315789475,1.4578947368421054,open,closed,bistable,0.01322319701200767,1.0,0.8991013892063813,0.08653560137800442,0.11307474429544345,0.7698602985900549
0.02,0.28210526315789475,1.5263157894736843,open,closed,bistable,0.0133344445434015,1.0,0.8986955949331441,0.08659515684732541,0.11307551956202014,0.7710691019991911
0.02,0.28210526315789475,1.5947368421052632,open,closed,bistable,0.013451576338001685,1.0,0.8982762556704142,0.08658180681229313,0.11307633576419539,0.7717798099961315
0.02,0.28210526315789475,1.6631578947368422,open,closed,bistable,0.013574911252302289,1.0,0.8978431426330694,0.08654833811265333,0.11307719516384232,0.7722186962909242
0.02,0.28210526315789475,1.731578947368421,open,closed,bistable,0.013704785324381604,1.0,0.8973960452897101,0.08644044048544022,0.11307810015035792,0.772433075599501
0.02,0.28210526315789475,1.8,open,closed,bistable,0.013841552600304308,1.0,0.8969347734863369,0.08638982568295264,0.11307905324758219,0.7725961659155519
0.02,0.29473684210526313,0.5,open,open,open,0.01134342790287709,0.012780478117660246,0.9038141825780015,0.5006587754279642,0.11552694592986057,0.3184294076170406
0.02,0.29473684210526313,0.5684210526315789,open,open,open,0.011442324197094506,0.013271609959182832,0.9035173896505433,0.4871886599949245,0.11524926516037579,0.31868928156024845
0.02,0.29473684210526313,0.6368421052631579,open,open,open,0.011656068572318408,0.0138327147734391,0.9031578304592675,0.4732558579137165,0.11442210439482452,0.31898066454988205
0.02,0.29473684210526313,0.7052631578947368,open,open,open,0.011989167216609465,0.014484061816306243,0.9027481115589008,0.4591410067795219,0.11306696941616698,0.31930954731411915
0.02,0.29473684210526313,0.7736842105263158,open,open,open,0.012036320302083226,0.015206753043551062,0.9024727760822017,0.4452256818597455,0.11306733721473991,0.31966618158942023
0.02,0.29473684210526313,0.8421052631578947,open,open,open,0.012085933399184552,0.016055898337455046,0.9021870503531632,0.43120546442757207,0.11306772344675096,0.3200779403393241
0.02,0.29473684210526313,0.9105263157894737,open,open,open,0.012138139505917543,0.01700589836123003,0.9018906224454063,0.41734047870301966,0.11306812908109824,0.3205354375373253
0.02,0.29473684210526313,0.9789473684210527,open,open,open,0.012193079065022839,0.01808568339936936,0.9015831801011336,0.4035622854689239,0.11306855513964538,0.3210540649101645
0.02,0.29473684210526313,1.0473684210526315,open,open,open,0.012250900387301216,0.0193182320845279,0.9012644118394633,0.38988251580324057,0.1130690027001746,0.3216447353844146
0.02,0.29473684210526313,1.1157894736842104,open,open,open,0.01231176009779188,0.020777904896888844,0.9009340081736565,0.3759052250519758,0.11306947289950796,0.3223457167282904
0.02,0.29473684210526313,1.1842105263157894,open,open,open,0.012375823605696406,0.02240586141243105,0.900591662938508,0.36204602218188775,0.11306996693680506,0.3231273913627961
0.02,0.29473684210526313,1.2526315789473683,open,open,open,0.012443265598904097,0.0242255216215962,0.9002370747276967,0.34795132387094063,0.11307048607705106,0.32400669863518144
0.02,0.29473684210526313,1.3210526315789475,open,open,open,0.012514270563923218,0.026350376740141724,0.899869948439216,0.3321312012099697,0.11307103165474469,0.32506421633619376
0.02,0.29473684210526313,1.3894736842105264,open,closed,bistable,0.012589033331950465,0.9368175702604514,0.8994899969250525,0.07180162667556525,0.11307160507780106,0.7560037656608777
0.02,0.29473684210526313,1.4578947368421054,open,closed,bistable,0.01266775965171553,1.0,0.8990969427392146,0.08539075027363219,0.11307220783168098,0.7683351561061027
0.02,0.29473684210526313,1.5263157894736843,open,closed,bistable,0.012750666789614364,1.0,0.8986905199758191,0.08615559830544862,0.1130728414837639,0.7703408390551134
0.02,0.29473684210526313,1.5947368421052632,open,closed,bistable,0.012837984157488425,1.0,0.8982704761865868,0.08635035582587691,0.11307350768797561,0.7713736133220661
0.02,0.29473684210526313,1.6631578947368422,open,closed,bistable,0.012929953968212813,1.0,0.8978365743645156,0.08638860410007743,0.11307420818968944,0.7719557514854641
0.02,0.29473684210526313,1.731578947368421,open,closed,bistable,0.013026831919017197,1.0,0.8973885949779847,0.08635880036563919,0.113074944830914,0.7722863933974554
0.02,0.29473684210526313,1.8,open,closed,bistable,0.013128887902173772,1.0,0.8969263380370893,0.08630681890150815,0.11307571955578317,0.772477187683151
0.02,0.30736842105263157,0.5,open,open,open,0.010785187793866108,0.011930227704755707,0.9040097695523589,0.49963949654173684,0.11721525421854341,0.3181895607733353
0.02,0.30736842105263157,0.5684210526315789,open,open,open,0.010873757687184354,0.012269039373201793,0.9036997374707575,0.4859589478286221,0.11693158661520062,0.318397999910551
0.02,0.30736842105263157,0.6368421052631579,open,open,open,0.010963938413148619,0.012732617138284196,0.9033836581553865,0.47119269519304935,0.11664887030361232,0.3186631082421013
0.02,0.30736842105263157,0.7052631578947368,open,open,open,0.011055791048102564,0.013161240056032414,0.903061430971274,0.4569375471023794,0.11636712472889056,0.31891174471134887
0.02,0.30736842105263157,0.7736842105263158,open,open,open,0.011149380025334546,0.013740859807343525,0.9027329592384182,0.4420974640200124,0.11608637052706712,0.31922542674308785
0.02,0.30736842105263157,0.8421052631578947,open,open,open,0.01130086731987098,0.014341238836398842,0.9023774559026285,0.4277088860717806,0.11552755923158464,0.3195452210209586
0.02,0.30736842105263157,0.9105263157894737,open,open,open,0.011511613515103061,0.015072561180661697,0.902002217078908,0.4129949399554308,0.1146971029143382,0.319925719964447
0.02,0.30736842105263157,0.9789473684210527,open,open,open,0.011901157260294615,0.01591347358509446,0.9015819711500421,0.39820190258414506,0.11306725969029437,0.32035987668090293
0.02,0.30736842105263157,1.0473684210526315,open,open,open,0.011944156032363968,0.016850678689096246,0.9012630000799059,0.38358391081960275,0.11306763638193353,0.3208416680369294
0.02,0.30736842105263157,1.1157894736842104,open,open,open,0.011989420211325166,0.017883291180111057,0.9009323667678683,0.3692823100841852,0.11306803158042986,0.3213690493343737
0.02,0.30736842105263157,1.1842105263157894,open,open,open,0.012037073877796522,0.019108819532521776,0.9005897618989246,0.3546512339501613,0.11306844622793176,0.3219931959942962
0.02,0.30736842105263157,1.2526315789473683,open,open,open,0.01208724817094139,0.020534515616100407,0.9002348805819284,0.3395438238535526,0.11306888131579118,0.32272227121068553
0.02,0.30736842105263157,1.3210526315789475,open,open,open,0.012140081697396084,0.02211161840341455,0.8998674238636651,0.3238886958339566,0.11306933788721632,0.32353788458000027
0.02,0.30736842105263157,1.3894736842105264,open,open,open,0.0121957209627433,0.023965719458589465,0.8994871003449227,0.3051618524866681,0.11306981704009063,0.32454255002451743
0.02,0.30736842105263157,1.4578947368421054,open,closed,bistable,0.012254320826435537,0.9639613206770947,0.8990936278925871,0.0731133564437186,0.11307031992997178,0.7633548129197438
0.02,0.30736842105263157,1.5263157894736843,open,closed,bistable,0.01231604498104128,1.0,0.8986867354394716,0.08535917424508667,0.11307084777328463,0.7691900836166458
0.02,0.30736842105263157,1.5947368421052632,open,closed,bistable,0.012381066456635363,1.0,0.8982661648612362,0.085966528339376,0.11307140185072716,0.7707587751133581
0.02,0.30736842105263157,1.6631578947368422,open,closed,bistable,0.012449568151085593,1.0,0.8978316729171935,0.08614973356689633,0.11307198351090719,0.7715803011557086
0.02,0.30736842105263157,1.731578947368421,open,closed,bistable,0.012521743386892839,1.0,0.897383033239358,0.08627734772476842,0.11307259417422807,0.7721112210392695
0.02,0.30736842105263157,1.8,open,closed,bistable,0.012597796495119093,1.0,0.8969200383516769,0.08630696322832347,0.11307323533704598,0.7724122262865839
0.02,0.32,0.5,open,open,open,0.010447799578488284,0.011284457796408815,0.9041063550102382,0.49897267781043386,0.11807184179370611,0.3180049734950747
0.02,0.32,0.5684210526315789,open,open,open,0.010472952207552894,0.011577780851807688,0.9038195034410719,0.48463538316554894,0.11807210769180658,0.3182036177308812
0.02,0.32,0.6368421052631579,open,open,open,0.010554674015353179,0.011842144132638796,0.9034941584493517,0.47015228601165504,0.11778570216552793,0.31839374546806914
0.02,0.32,0.7052631578947368,open,open,open,0.010582324871159586,0.01223694738792809,0.9031874811902413,0.45480523337761475,0.11778599173983334,0.3186412882864334
0.02,0.32,0.7736842105263158,open,open,open,0.010666658160735627,0.01260341090637376,0.9028466544079023,0.4400306969386366,0.11750049753023116,0.3188736667143114
0.02,0.32,0.8421052631578947,open,open,open,0.010752457990980608,0.013071951345556429,0.9024990919678186,0.4249619250737794,0.11721591975869199,0.31914990665888804
0.02,0.32,0.9105263157894737,open,open,open,0.010839779812923288,0.013621773091441327,0.9021447004453496,0.409747555778782,0.11693227571106868,0.31946316513211703
0.02,0.32,0.9789473684210527,open,open,open,0.010928682171971913,0.014253622332899143,0.9017833930844837,0.3944159957786365,0.11664958372834994,0.31981671450321425
0.02,0.32,1.0473684210526315,open,open,open,0.011019226925408515,0.014952064977529005,0.9014150908426133,0.3792027601525026,0.11636786327193978,0.32020434293043754
0.02,0.32,1.1157894736842104,open,open,open,0.011167731795831573,0.01571989998012927,0.9010305929209119,0.36423694282851543,0.11580703920931376,0.32062685079773445
0.02,0.32,1.1842105263157894,open,open,open,0.011318588926192004,0.016649047363383303,0.9006447168713066,0.34895056670524227,0.11525032195196692,0.3211321098780452
0.02,0.32,1.2526315789473683,open,open,open,0.011822537429663115,0.017712827189893213,0.9002332476065447,0.33349370481876234,0.113067688173461,0.321707943322246
0.02,0.32,1.3210526315789475,open,open,open,0.011861825869584524,0.01889347024941239,0.8998655446227931,0.31775067682844993,0.11306807841573306,0.3223486217884142
0.02,0.32,1.3894736842105264,open,open,open,0.011903206070118582,0.020277896516212007,0.8994849437663114,0.3004385760676625,0.11306848729634782,0.3231152682099548
0.02,0.32,1.4578947368421054,open,closed,bistable,0.011946794171957358,0.8120273680309593,0.8990911593817315,0.04926574122067211,0.11306891572094717,0.7158927118903372
0.02,0.32,1.5263157894736843,open,closed,bistable,0.011992713031792303,0.9851388302985488,0.8986839165192048,0.07589577485633084,0.11306936463968975,0.7673510186627819
0.02,0.32,1.5947368421052632,open,closed,bistable,0.012041092618524025,1.0,0.8982629527795926,0.08535773008374682,0.11306983504964238,0.7698444893017017
0.02,0.32,1.6631578947368422,open,closed,bistable,0.012092070431734549,1.0,0.897828020221573,0.08591210541088407,0.11307032799735683,0.7711336900960908
0.02,0.32,1.731578947368421,open,closed,bistable,0.012145791943336835,1.0,0.8973788873150337,0.08611455973106179,0.11307084458164998,0.7718260706071508
0.02,0.32,1.8,open,closed,bistable,0.012202411063282997,1.0,0.8969153409226992,0.08614122968793189,0.11307138595661094,0.7721814825805878
0.05,0.08,0.5,intermediate,intermediate,intermediate,0.29478928057791154,0.31375248584262927,0.9206534202496848,0.867142738322005,0.32722677647465237,0.33886146654102217
0.05,0.08,0.5684210526315789,intermediate,intermediate,intermediate,0.31358971832175975,0.3327883636284977,0.916647077403406,0.8674441484338606,0.3285353797493098,0.3401782609020569
0.05,0.08,0.6368421052631579,intermediate,closed,bistable,0.33253353096947114,1.0,0.9124813733605794,0.2393156095449153,0.3300543985591715,0.7381913801387419
0.05,0.08,0.7052631578947368,intermediate,closed,bistable,0.35162340558662564,1.0,0.9081623138570845,0.19600678778884878,0.3317484641995932,0.7518585628947602
0.05,0.08,0.7736842105263158,intermediate,closed,bistable,0.3707865053661077,1.0,0.9037140167465161,0.16567630767301167,0.33360243493142,0.7591614782303757
0.05,0.08,0.8421052631578947,intermediate,closed,bistable,0.39008279012863556,1.0,0.8991158928351161,0.14180007038174972,0.33560531813469624,0.7640280059307804
0.05,0.08,0.9105263157894737,intermediate,closed,bistable,0.4094518852078935,1.0,0.8943867607293278,0.12300635989164822,0.3377523874401507,0.7674866020627791
0.05,0.08,0.9789473684210527,intermediate,closed,bistable,0.4289231349694975,1.0,0.8895084875248068,0.1087757496385363,0.34004754207784105,0.7697950338154852
0.05,0.08,1.0473684210526315,intermediate,closed,bistable,0.4484879868389452,1.0,0.8844771994915619,0.09796349753707392,0.342494343053071,0.7714827431100917
0.05,0.08,1.1157894736842104,intermediate,closed,bistable,0.4681413064284961,1.0,0.8792880074713386,0.08994868648582241,0.34509709500944385,0.7727049051871484
0.05,0.08,1.1842105263157894,intermediate,closed,bistable,0.4878807798042162,1.0,0.8739350096524108,0.08406015234527103,0.34786088138690696,0.7735150574938742
0.05,0.08,1.2526315789473683,intermediate,closed,bistable,0.5077063841200524,1.0,0.8684112863700469,0.0797647689192149,0.3507915925271614,0.7740932657963979
0.05,0.08,1.3210526315789475,intermediate,closed,bistable,0.5276199222852702,1.0,0.8627088857933107,0.07665795322518586,0.3538959495498677,0.7745038205442878
0.05,0.08,1.3894736842105264,intermediate,closed,bistable,0.5476760812384727,1.0,0.8567787305903146,0.07455429797903054,0.3572023416032009,0.7748475619144947
0.05,0.08,1.4578947368421054,closed,closed,closed,0.5678850271964473,1.0,0.8506016629357367,0.07296669199784343,0.36072560281044014,0.7750496700735373
0.05,0.08,1.5263157894736843,closed,closed,closed,0.5882038433059926,1.0,0.8442028484294936,0.07183326347301512,0.36445675259400767,0.775192075052162
0.05,0.08,1.5947368421052632,closed,closed,closed,0.6086972480311101,1.0,0.8375198220759371,0.0710256783635099,0.36843411377169916,0.7752923274152992
0.05,0.08,1.6631578947368422,closed,closed,closed,0.629439535898189,1.0,0.8304759606064793,0.07045103513777419,0.3727064947490722,0.7753628614921093
0.05,0.08,1.731578947368421,closed,closed,closed,0.6506295524216013,1.0,0.8230888021209465,0.0700425133941854,0.3772464075444842,0.7754124703285298
0.05,0.08,1.8,closed,closed,closed,0.6805403242631334,1.0,0.8107545046087753,0.06975226324173636,0.38465828940390545,0.7754473568841712
0.05,0.09263157894736843,0.5,intermediate,intermediate,intermediate,0.2395369863899197,0.25793453987680826,0.9188257571095138,0.85662002238962,0.32531108129620756,0.3361572953793297
0.05,0.09263157894736843,0.5684210526315789,intermediate,intermediate,intermediate,0.25692326255212666,0.27542257121159436,0.9144435068461058,0.8573153053049177,0.3263584317637178,0.33741918083452777
0.05,0.09263157894736843,0.6368421052631579,intermediate,intermediate,intermediate,0.27450097694641146,0.29331118816762375,0.9098868343321123,0.8566306617373948,0.3276967621811417,0.3389389042839505
0.05,0.09263157894736843,0.7052631578947368,intermediate,closed,bistable,0.2923097521523785,1.0,0.905165527786262,0.20293835613107422,0.3292422270662269,0.748094403150768
0.05,0.09263157894736843,0.7736842105263158,intermediate,closed,bistable,0.3103945324050276,1.0,0.9002632043593738,0.16758406475481744,0.3309634148483073,0.7579189661609531
0.05,0.09263157894736843,0.8421052631578947,intermediate,closed,bistable,0.32864199969378816,1.0,0.8952253093114704,0.14247530946137996,0.3328545440923261,0.7634717180921694
0.05,0.09263157894736843,0.9105263157894737,intermediate,closed,bistable,0.3471111084912834,1.0,0.8900205009701851,0.12343558461275422,0.3349075626945338,0.7670840166930492
0.05,0.09263157894736843,0.9789473684210527,intermediate,closed,bistable,0.3657417627975056,1.0,0.8846754025262074,0.10889540785185892,0.3371172196479432,0.7696050120063819
0.05,0.09263157894736843,1.0473684210526315,intermediate,closed,bistable,0.3845624809286581,1.0,0.8791661913512466,0.09796696755861456,0.339489299626364,0.7714341877265932
0.05,0.09263157894736843,1.1157894736842104,intermediate,closed,bistable,0.4035645703083759,1.0,0.8734895302485802,0.0899327069976611,0.34202813235542456,0.7725943991359383
0.05,0.09263157894736843,1.1842105263157894,intermediate,closed,bistable,0.42274294192343986,1.0,0.867640906465055,0.08406115090838472,0.3447388471348272,0.7734953898216416
0.05,0.09263157894736843,1.2526315789473683,intermediate,closed,bistable,0.4420955423263375,1.0,0.8616146459459078,0.07976529287676103,0.3476274159961333,0.774080547455321
0.05,0.09263157894736843,1.3210526315789475,intermediate,closed,bistable,0.46167122936260196,1.0,0.855361359056772,0.07665822346894725,0.3507190757642013,0.7744956038546634
0.05,0.09263157894736843,1.3894736842105264,intermediate,closed,bistable,0.481427840943549,1.0,0.8489092764036514,0.0744242763880168,0.35400750477998105,0.7747890004616538
0.05,0.09263157894736843,1.4578947368421054,intermediate,closed,bistable,0.5013705214689815,1.0,0.8422489176940289,0.0729667591947095,0.3575015305621362,0.7750463806484437
0.05,0.09263157894736843,1.5263157894736843,intermediate,closed,bistable,0.5216141326354445,1.0,0.8352653661076348,0.0718332970367011,0.3612611892009074,0.7751899537861688
0.05,0.09263157894736843,1.5947368421052632,intermediate,closed,bistable,0.5420678686166311,1.0,0.8280372306687178,0.0710256950183084,0.365256803162214,0.7752909596622074
0.05,0.09263157894736843,1.6631578947368422,closed,closed,closed,0.5628009406620833,1.0,0.8204915454161481,0.07045104335818315,0.3695310378150391,0.7753619796394617
0.05,0.09263157894736843,1.731578947368421,closed,closed,closed,0.5838938724206181,1.0,0.8125401623198545,0.07004251743376147,0.37413796856939624,0.7754119017535466
0.05,0.09263157894736843,1.8,closed,closed,closed,0.606707887350018,1.0,0.8036544084222138,0.06975226521949922,0.37930192029804294,0.7754469902754677
0.05,0.10526315789473684,0.5,open,intermediate,bistable,0.19214876147200244,0.20996396048775426,0.9171509012285586,0.8455578459797977,0.3238393623932357,0.3335185252367388
0.05,0.10526315789473684,0.5684210526315789,intermediate,intermediate,intermediate,0.20790391646103332,0.22577156815609237,0.9123743944172836,0.8462530068242176,0.3245402715726428,0.3347792346110416
0.05,0.10526315789473684,0.6368421052631579,intermediate,intermediate,intermediate,0.22392257739678825,0.24207302467812006,0.9073934802854571,0.8456233701757915,0.3256280365179698,0.33625756492677694
0.05,0.10526315789473684,0.7052631578947368,intermediate,closed,bistable,0.24028709869168405,1.0,0.9022085887659296,0.21819915967778392,0.32696929370356104,0.7402127985351992
0.05,0.10526315789473684,0.7736842105263158,intermediate,closed,bistable,0.2569559784706718,1.0,0.8968466871261341,0.1714145006847095,0.32852685660548725,0.7556214889550208
0.05,0.10526315789473684,0.8421052631578947,intermediate,closed,bistable,0.27393530990852666,1.0,0.8913062865138777,0.14382366728109167,0.3302722613713734,0.76248184949902
0.05,0.10526315789473684,0.9105263157894737,intermediate,closed,bistable,0.29119630219120496,1.0,0.8856005350841554,0.12387206407814659,0.3321948679885183,0.766632379493267
0.05,0.10526315789473684,0.9789473684210527,intermediate,closed,bistable,0.30875738191215363,1.0,0.8797083682327301,0.10901818589920485,0.3342931096098463,0.7693855544692018
0.05,0.10526315789473684,1.0473684210526315,intermediate,closed,bistable,0.3265595759894109,1.0,0.8736659203135831,0.09801065793191663,0.336561517743401,0.7712738356433361
0.05,0.10526315789473684,1.1157894736842104,intermediate,closed,bistable,0.3446318283105915,1.0,0.867442765754015,0.08993529789797743,0.3390075658962758,0.7725521061939573
0.05,0.10526315789473684,1.1842105263157894,intermediate,closed,bistable,0.36296623439784803,1.0,0.8610364289383902,0.08406249817284973,0.3416364572091124,0.7734688510845064
0.05,0.10526315789473684,1.2526315789473683,intermediate,closed,bistable,0.38155860223056365,1.0,0.8544430864982278,0.0797659996853283,0.3444542479170391,0.7740634428230945
0.05,0.10526315789473684,1.3210526315789475,intermediate,closed,bistable,0.40045523136515887,1.0,0.8476085097290426,0.07665858783620899,0.34748569783051897,0.7744845472854025
0.05,0.10526315789473684,1.3894736842105264,intermediate,closed,bistable,0.4196142352605945,1.0,0.8405684660877936,0.07442446178267717,0.35072550128495944,0.7747818593465281
0.05,0.10526315789473684,1.4578947368421054,intermediate,closed,bistable,0.4390914744023827,1.0,0.833259115760045,0.07296684976956677,0.35420513833708495,0.7750418083812776
0.05,0.10526315789473684,1.5263157894736843,intermediate,closed,bistable,0.45884774138105316,1.0,0.8257198261309208,0.07183334226006279,0.35791705418435854,0.7751870970812892
0.05,0.10526315789473684,1.5947368421052632,intermediate,closed,bistable,0.47894818116237914,1.0,0.8178766962623788,0.07102571745727708,0.36190017912898415,0.7752891175057984
0.05,0.10526315789473684,1.6631578947368422,intermediate,closed,bistable,0.49946995156416213,1.0,0.8096401970426452,0.07045105443305277,0.3662049377901797,0.775360791828688
0.05,0.10526315789473684,1.731578947368421,intermediate,closed,bistable,0.5203225916575746,1.0,0.8011132975925714,0.07004252287590168,0.3707969262730686,0.7754111358737094
0.05,0.10526315789473684,1.8,intermediate,closed,bistable,0.5417818637665722,1.0,0.7920449231550719,0.06975226788391017,0.37579949817623365,0.7754464964311069
0.05,0.11789473684210526,0.5,open,open,open,0.15197634061618867,0.16953234774955336,0.9157638077078285,0.833885175401834,0.32299043146601886,0.33103647402727443
0.05,0.11789473684210526,0.5684210526315789,open,open,open,0.16608264480792403,0.18345575389331015,0.9105651180441598,0.8345214787127206,0.32318738751942344,0.3322608792475822
0.05,0.11789473684210526,0.6368421052631579,open,open,open,0.18044410062415214,0.19798292591287517,0.9051333603839213,0.833862194822566,0.3239249779765032,0.3336804396079499
0.05,0.11789473684210526,0.7052631578947368,open,intermediate,bistable,0.19520337987780167,0.21298693934805477,0.8994632340545555,0.83224162689966,0.3249966099565259,0.3352707845230093
0.05,0.11789473684210526,0.7736842105263158,intermediate,closed,bistable,0.21036234011933705,1.0,0.8935714027461179,0.17915831117888079,0.32633155071200226,0.7512813703716176
0.05,0.11789473684210526,0.8421052631578947,intermediate,closed,bistable,0.22588539273736113,1.0,0.8874888381482523,0.14586591850853514,0.3278934644717907,0.7610121464926597
0.05,0.11789473684210526,0.9105263157894737,intermediate,closed,bistable,0.24178231546397874,1.0,0.8812094641685961,0.12453081310017053,0.329655097967202,0.7659717539923604
0.05,0.11789473684210526,0.9789473684210527,intermediate,closed,bistable,0.2580272215998749,1.0,0.8747494815423473,0.10926032978200338,0.3316064928989841,0.7690143131018933
0.05,0.11789473684210526,1.0473684210526315,intermediate,closed,bistable,0.27459891346046805,1.0,0.8681233578649529,0.09805677539239653,0.33374092065952754,0.7710892332110655
0.05,0.11789473684210526,1.1157894736842104,intermediate,closed,bistable,0.29156496909466056,1.0,0.8612526430669889,0.08992150992785279,0.33607299452013933,0.7724158965735809
0.05,0.11789473684210526,1.1842105263157894,intermediate,closed,bistable,0.30883119431569156,1.0,0.8542253812031089,0.08400458253903012,0.3385918020875035,0.7733631098300481
0.05,0.11789473684210526,1.2526315789473683,intermediate,closed,bistable,0.32643279376040596,1.0,0.8469983749002661,0.07976695357681844,0.3413102695905639,0.7740404524680041
0.05,0.11789473684210526,1.3210526315789475,intermediate,closed,bistable,0.34441331387626783,1.0,0.8395122862820168,0.07665907924733231,0.34425250698813803,0.7744696751165461
0.05,0.11789473684210526,1.3894736842105264,intermediate,closed,bistable,0.36273106891341506,1.0,0.8318120314025598,0.07442471171310236,0.34741448449358414,0.7747722490289588
0.05,0.11789473684210526,1.4578947368421054,intermediate,closed,bistable,0.3814403332030616,1.0,0.8238277691686364,0.07282494322031527,0.35082735922544356,0.7749851069683517
0.05,0.11789473684210526,1.5263157894736843,intermediate,closed,bistable,0.40050350335597995,1.0,0.8156084055257977,0.07183340322855698,0.35448453089774484,0.7751831963158894
0.05,0.11789473684210526,1.5947368421052632,intermediate,closed,bistable,0.41998544630529955,1.0,0.8070733423835232,0.07102574769037828,0.35842497695443915,0.7752866365925613
0.05,0.11789473684210526,1.6631578947368422,intermediate,closed,bistable,0.439907323177616,1.0,0.7982002680669116,0.07045106935391295,0.36266999549694146,0.7753591919906929
0.05,0.11789473684210526,1.731578947368421,intermediate,closed,bistable,0.460353460129938,1.0,0.7888863070308831,0.07004253020768825,0.36727550896254524,0.775410104256597
0.05,0.11789473684210526,1.8,intermediate,closed,bistable,0.481298901731698,1.0,0.7791761262033464,0.06975227147339373,0.3722404793032875,0.7754458312078173
0.05,0.13052631578947368,0.5,open,open,open,0.11782825785546677,0.13585330493660622,0.914960865051851,0.8225258320105563,0.3230505154642783,0.3286621536730365
0.05,0.13052631578947368,0.5684210526315789,open,open,open,0.13072834107689332,0.147956571256344,0.9092028057051956,0.8223441331004221,0.32250094283083003,0.3298942034234465
0.05,0.13052631578947368,0.6368421052631579,open,open,open,0.14352268191139328,0.16057985089443239,0.903257216478231,0.8216071835809174,0.3226992123062849,0.3312244113455032
0.05,0.13052631578947368,0.7052631578947368,open,open,open,0.15668127488804678,0.17384975195344057,0.8970410779336054,0.8196997929544352,0.32337994736074344,0.332748344476618
0.05,0.13052631578947368,0.7736842105263158,open,open,open,0.17018533026169028,0.18767300006071866,0.8906304516710722,0.8168427491488351,0.32444563433251106,0.3344582331343554
0.05,0.13052631578947368,0.8421052631578947,open,closed,bistable,0.18417217666313276,1.0,0.8839491758898727,0.1499924018669119,0.3257645509648265,0.7583184012578429
0.05,0.13052631578947368,0.9105263157894737,open,closed,bistable,0.19857023462614676,1.0,0.8770625783042972,0.1256367984879406,0.32732236857552094,0.764933551369776
0.05,0.13052631578947368,0.9789473684210527,intermediate,closed,bistable,0.21339382923287778,1.0,0.8699592246683049,0.10962707166755281,0.32909256536805426,0.768475787099325
0.05,0.13052631578947368,1.0473684210526315,intermediate,closed,bistable,0.2286207076165121,1.0,0.8626591148809243,0.09814667653845645,0.3310658234313713,0.7707788369649583
0.05,0.13052631578947368,1.1157894736842104,intermediate,closed,bistable,0.2442740634034571,1.0,0.8551272339056966,0.08990961507410197,0.3332434176151311,0.772259046174621
0.05,0.13052631578947368,1.1842105263157894,intermediate,closed,bistable,0.26029950262466395,1.0,0.847425020950092,0.08394782942777373,0.335619956703038,0.7732458095884851
0.05,0.13052631578947368,1.2526315789473683,intermediate,closed,bistable,0.27677310488218726,1.0,0.8394445935459809,0.07967757198040648,0.3382194776553389,0.7739474517436912
0.05,0.13052631578947368,1.3210526315789475,intermediate,closed,bistable,0.2936501155376896,1.0,0.8312397522812016,0.07665974224264581,0.3410414663952772,0.7744496810610593
0.05,0.13052631578947368,1.3894736842105264,intermediate,closed,bistable,0.31093126478987076,1.0,0.8228093007903033,0.07442504872317257,0.3440939829755255,0.7747593202849115
0.05,0.13052631578947368,1.4578947368421054,intermediate,closed,bistable,0.32862079880373374,1.0,0.8141503051788946,0.07282511284629109,0.347386302887845,0.7749767546615296
0.05,0.13052631578947368,1.5263157894736843,intermediate,closed,bistable,0.3467765658347451,1.0,0.805180783447107,0.07168287973853366,0.35095295205909177,0.775129266094811
0.05,0.13052631578947368,1.5947368421052632,intermediate,closed,bistable,0.36541645576708165,1.0,0.7958821035919033,0.07102578842693535,0.3548140156079623,0.7752832957864519
0.05,0.13052631578947368,1.6631578947368422,intermediate,closed,bistable,0.38456287425474356,1.0,0.7862338207506497,0.07045108945699113,0.35899144236714503,0.7753570373518975
0.05,0.13052631578947368,1.731578947368421,intermediate,closed,bistable,0.4043009203390494,1.0,0.7761246100134734,0.07004254008544153,0.36354175889892976,0.7754087147639374
0.05,0.13052631578947368,1.8,intermediate,closed,bistable,0.4246099076211034,1.0,0.7656113840402429,0.06975227630918777,0.3684650091961092,0.7754449351596651
0.05,0.1431578947368421,0.5,open,open,open,0.05575420893664369,0.10828935670417358,0.9173368118457808,0.8116048460493376,0.17224846345005343,0.32647858633843296
0.05,0.1431578947368421,0.5684210526315789,open,open,open,0.06215162407427786,0.11852195510603013,0.9166985958796013,0.810477618925277,0.1881038689125055,0.3276584894794751
0.05,0.1431578947368421,0.6368421052631579,open,open,open,0.11240511706972833,0.12937014602695182,0.9020006245890293,0.8088983456764361,0.3221479241279109,0.32894708077411156
0.05,0.1431578947368421,0.7052631578947368,open,open,open,0.12401687628563915,0.1408440096941193,0.8952076788887956,0.8065785707821674,0.32230007874510164,0.3303796494722613
0.05,0.1431578947368421,0.7736842105263158,open,open,open,0.13600177623270704,0.15294208362655837,0.8881431947190335,0.8033545266808079,0.3229325978148397,0.3319889723112629
0.05,0.1431578947368421,0.8421052631578947,open,closed,bistable,0.1483938556990555,1.0,0.8808457232676574,0.16085731426431232,0.3239458681258013,0.7522609278416164
0.05,0.1431578947368421,0.9105263157894737,open,closed,bistable,0.16125612887692406,1.0,0.8732867298456638,0.12765357591970403,0.3252441143392811,0.763205268620679
0.05,0.1431578947368421,0.9789473684210527,open,closed,bistable,0.17456586487568512,1.0,0.8655076147054261,0.11012661497943821,0.32679301104926706,0.7677422673022646
0.05,0.1431578947368421,1.0473684210526315,open,closed,bistable,0.18834231557012757,1.0,0.8574907791497839,0.0982428448173045,0.32856677815647967,0.7704190704879057
0.05,0.1431578947368421,1.1157894736842104,intermediate,closed,bistable,0.2025674452041627,1.0,0.8492608712451228,0.08990022764454489,0.33055681778804036,0.772072304317424
0.05,0.1431578947368421,1.1842105263157894,intermediate,closed,bistable,0.21726795656650114,1.0,0.8407744135438036,0.08395136691521765,0.3327657346050032,0.7731772315963502
0.05,0.1431578947368421,1.2526315789473683,intermediate,closed,bistable,0.23243502290795007,1.0,0.8320387093282648,0.07967936513375955,0.3351997641491877,0.7739044372059816
0.05,0.1431578947368421,1.3210526315789475,intermediate,closed,bistable,0.24806419125985144,1.0,0.8230590044519374,0.0765473639456928,0.33786600901731184,0.7743667064234876
0.05,0.1431578947368421,1.3894736842105264,intermediate,closed,bistable,0.26415518727419235,1.0,0.8138384973801411,0.07442550329278812,0.340772624579948,0.7747419354881507
0.05,0.1431578947368421,1.4578947368421054,intermediate,closed,bistable,0.28071162135174793,1.0,0.8043784000712093,0.07282534153701298,0.34392895220442943,0.7749655167906135
0.05,0.1431578947368421,1.5263157894736843,intermediate,closed,bistable,0.2977897190925161,1.0,0.7945896231410191,0.0716829939103004,0.34736876365791036,0.7751220075569365
0.05,0.1431578947368421,1.5947368421052632,intermediate,closed,bistable,0.315407395301274,1.0,0.7844562703397363,0.07102584345100707,0.35111278145256253,0.775278627019444
0.05,0.1431578947368421,1.6631578947368422,intermediate,closed,bistable,0.3335877206088741,1.0,0.7739606777691895,0.07045111654326675,0.3551835272050242,0.7753541357876281
0.05,0.1431578947368421,1.731578947368421,intermediate,closed,bistable,0.35235893655967976,1.0,0.7630833249404929,0.07004255339359011,0.3596056621294279,0.7754068433631637
0.05,0.1431578947368421,1.8,intermediate,closed,bistable,0.37175440320757025,1.0,0.7518027310930184,0.06975228282412803,0.36440637075458493,0.7754437282433767
0.05,0.15578947368421053,0.5,open,open,open,0.03538720916147547,0.08601715714099697,0.9117225553938464,0.8016892129318042,0.1283989742336552,0.32450214284170903
0.05,0.15578947368421053,0.5684210526315789,open,open,open,0.03765965296812962,0.09448448505708389,0.9116233202267665,0.7992495320423294,0.13253050001645433,0.32560414487867295
0.05,0.15578947368421053,0.6368421052631579,open,open,open,0.04045871634872388,0.10361750834455645,0.9114902654557706,0.7964482139270418,0.13809877190670342,0.32682802948062045
0.05,0.15578947368421053,0.7052631578947368,open,open,open,0.043879097229037274,0.11338279005960274,0.911190651976135,0.793209808739097,0.1452353196160529,0.32817960194225937
0.05,0.15578947368421053,0.7736842105263158,open,open,open,0.04860417801103165,0.12373755434865098,0.9106622905038203,0.7894849444944998,0.1562907475581716,0.3296662104103549
0.05,0.15578947368421053,0.8421052631578947,open,open,open,0.11799495968913169,0.1347116520905146,0.8784352099158895,0.7849700423889497,0.32255215544079013,0.33132984960859324
0.05,0.15578947368421053,0.9105263157894737,open,closed,bistable,0.12929990341229197,1.0,0.8702015339541519,0.1320053621133755,0.3235145057892412,0.7599840801925833
0.05,0.15578947368421053,0.9789473684210527,open,closed,bistable,0.14109399009770476,1.0,0.861685939407048,0.11101494393615077,0.32477383228980644,0.7665660988383419
0.05,0.15578947368421053,1.0473684210526315,open,closed,bistable,0.15340122361654354,1.0,0.8528699190933235,0.09843405291339348,0.32629374081348383,0.7698134720784195
0.05,0.15578947368421053,1.1157894736842104,open,closed,bistable,0.16616616176347523,1.0,0.8438570142540026,0.08987896937596848,0.3280600833616123,0.7717678218134065
0.05,0.15578947368421053,1.1842105263157894,open,closed,bistable,0.17945656850649427,1.0,0.8345393581160648,0.08389748745050629,0.33006129919149163,0.7730159432445475
0.05,0.15578947368421053,1.2526315789473683,open,closed,bistable,0.1932223776462758,1.0,0.8250116656932579,0.07959162848910403,0.33229432519209323,0.7737852542981978
0.05,0.15578947368421053,1.3210526315789475,intermediate,closed,bistable,0.20749874784606784,1.0,0.8152137661727276,0.07654860923002825,0.33476788758385917,0.7743292554028843
0.05,0.15578947368421053,1.3894736842105264,intermediate,closed,bistable,0.22228467678732838,1.0,0.8051546420484292,0.0744261166762487,0.3374903090762334,0.7747185735974476
0.05,0.15578947368421053,1.4578947368421054,intermediate,closed,bistable,0.23762872450590738,1.0,0.794745095175154,0.07282564993877252,0.34048979763924087,0.7749504028945422
0.05,0.15578947368421053,1.5263157894736843,intermediate,closed,bistable,0.2534486815293211,1.0,0.7841766223823063,0.07168314781745647,0.3437424012585074,0.7751122401249372
0.05,0.15578947368421053,1.5947368421052632,intermediate,closed,bistable,0.2698987216983077,1.0,0.7731493886766959,0.07086913218333075,0.34732596369866836,0.7752251796175861
0.05,0.15578947368421053,1.6631578947368422,intermediate,closed,bistable,0.28690405715453565,1.0,0.7618556472497703,0.07045115310385963,0.3512163611647436,0.7753501504733054
0.05,0.15578947368421053,1.731578947368421,intermediate,closed,bistable,0.30459534858951326,1.0,0.7500642359426769,0.07004257132407282,0.35549204468282947,0.7754043231296648
0.05,0.15578947368421053,1.8,intermediate,closed,bistable,0.32295733889296585,1.0,0.7378634706185495,0.06975229160145371,0.3601553813776868,0.775442102699952
0.05,0.16842105263157894,0.5,open,open,open,0.026798712094624953,0.06829308300849365,0.908892943160384,0.7928753086724769,0.11558978769783329,0.3227758623038342
0.05,0.16842105263157894,0.5684210526315789,open,open,open,0.027774415507265195,0.0751835184120384,0.9085599743252775,0.7887417298505394,0.11671857565216427,0.32378573014007384
0.05,0.16842105263157894,0.6368421052631579,open,open,open,0.028878414057266596,0.08269467158031761,0.908222693087081,0.7845272967117689,0.11815060617426192,0.32490999855941377
0.05,0.16842105263157894,0.7052631578947368,open,open,open,0.030013780418128938,0.09082120765185389,0.9077542195004048,0.7801156919139757,0.1193136152262411,0.32615529597940585
0.05,0.16842105263157894,0.7736842105263158,open,open,open,0.031233022037736098,0.09957305418543891,0.9072168470445708,0.7753025273860271,0.12049044729573537,0.32754057772125716
0.05,0.16842105263157894,0.8421052631578947,open,open,open,0.032678437341223804,0.10892682076689901,0.9066871747471488,0.7700104566787271,0.12227714407182264,0.3290775872315248
0.05,0.16842105263157894,0.9105263157894737,open,open,open,0.03424072156216868,0.11888490555537981,0.9060544990880829,0.7640421649985133,0.12409140053717671,0.33079355881010786
0.05,0.16842105263157894,0.9789473684210527,open,closed,bistable,0.03600835653694631,1.0,0.9053382011882981,0.11271458669871448,0.12624018119414668,0.7646013401963248
0.05,0.16842105263157894,1.0473684210526315,open,closed,bistable,0.038274278177871664,1.0,0.9045514569509048,0.09868987106929956,0.129681552476502,0.7690145140642697
0.05,0.16842105263157894,1.1157894736842104,open,closed,bistable,0.041432147059882546,1.0,0.9035682740862315,0.08985033923185143,0.13548226161806004,0.7713301033911705
0.05,0.16842105263157894,1.1842105263157894,open,closed,bistable,0.14653566198600582,1.0,0.8290252296753537,0.0837883385415396,0.3275591670588367,0.7727535835575549
0.05,0.16842105263157894,1.2526315789473683,open,closed,bistable,0.15888266480274196,1.0,0.8186013773708128,0.07950532958062607,0.329557190178825,0.773645039235452
0.05,0.16842105263157894,1.3210526315789475,open,closed,bistable,0.17177866772189535,1.0,0.8078616844741372,0.07643749830606086,0.33181029122308703,0.7742239966153688
0.05,0.16842105263157894,1.3894736842105264,open,closed,bistable,0.18518068219185477,1.0,0.7969264365349304,0.07429727289533179,0.3343130726675673,0.7746342459725964
0.05,0.16842105263157894,1.4578947368421054,open,closed,bistable,0.19917644232675993,1.0,0.7856069679562013,0.07282606597533264,0.3370975040549641,0.7749300877128087
0.05,0.16842105263157894,1.5263157894736843,intermediate,closed,bistable,0.2136859044198286,1.0,0.7741279613974648,0.07168335533409226,0.3401439768923968,0.7750991016561721
0.05,0.16842105263157894,1.5947368421052632,intermediate,closed,bistable,0.2288585640750106,1.0,0.762154679838243,0.07086923508220509,0.3435250244498627,0.7752166904406773
0.05,0.16842105263157894,1.6631578947368422,intermediate,closed,bistable,0.24462233915662857,1.0,0.7499127495363721,0.07028996612695723,0.3472201610748908,0.7752985159589771
0.05,0.16842105263157894,1.731578947368421,intermediate,closed,bistable,0.26105098070868477,1.0,0.7372769436013775,0.07004259548347794,0.35127493504675644,0.7754009294914437
0.05,0.16842105263157894,1.8,intermediate,closed,bistable,0.27817835737366425,1.0,0.7242350191758281,0.06975230342713694,0.3557168445563549,0.7754399134911081
0.05,0.18105263157894735,0.5,open,open,open,0.022539638599517173,0.05433208221401278,0.9082299966031553,0.7854610658013647,0.11310774847622394,0.32129725023304573
0.05,0.18105263157894735,0.5684210526315789,open,open,open,0.02309864404796371,0.059836304765080214,0.9076715660796858,0.7795251846429737,0.11311068508496844,0.32219416791650013
0.05,0.18105263157894735,0.6368421052631579,open,open,open,0.023734084488644235,0.06594164073360802,0.9072198930526533,0.7734361626479123,0.11365312376575062,0.32321775975002387
0.05,0.18105263157894735,0.7052631578947368,open,open,open,0.02444271094848598,0.07257647350448006,0.906784386526219,0.7675400214291623,0.11447495932378547,0.32434418882465016
0.05,0.18105263157894735,0.7736842105263158,open,open,open,0.02517293215799448,0.07979096713298023,0.906242599650931,0.7615091758283595,0.11503017186319998,0.32559714604269546
0.05,0.18105263157894735,0.8421052631578947,open,open,open,0.025989779363281645,0.08759701917817381,0.9057019274583578,0.7551825083338151,0.11586975742206217,0.3269929986742244
0.05,0.18105263157894735,0.9105263157894737,open,open,open,0.026867197411609506,0.096036153410072,0.9051025508560432,0.7482456736048388,0.11671901404737227,0.3285669745535883
0.05,0.18105263157894735,0.9789473684210527,open,closed,bistable,0.02776080591503211,0.9992272056513609,0.9044093952648949,0.1190977808278325,0.11729185990020309,0.7598470465925757
0.05,0.18105263157894735,1.0473684210526315,open,closed,bistable,0.028763665269544884,1.0,0.9036927455326905,0.09922306405500507,0.11815620442661807,0.7676570064819198
0.05,0.18105263157894735,1.1157894736842104,open,closed,bistable,0.029836613454270945,1.0,0.9029108607876977,0.08982134117718073,0.11902898843835212,0.7707313111476459
0.05,0.18105263157894735,1.1842105263157894,open,closed,bistable,0.03098317581013731,1.0,0.9020614336625311,0.08362775543944669,0.11990989722268074,0.7723799173742167
0.05,0.18105263157894735,1.2526315789473683,open,closed,bistable,0.03220701473215512,1.0,0.9011421424262909,0.07942089143818266,0.1207986789362194,0.7734743841571543
0.05,0.18105263157894735,1.3210526315789475,open,closed,bistable,0.03358826543113427,1.0,0.9001467230326772,0.0764398458548241,0.12199322374257496,0.7741542430826645
0.05,0.18105263157894735,1.3894736842105264,open,closed,bistable,0.035068114933308366,1.0,0.8990600020888471,0.0742984260322753,0.12320058405222427,0.7745905275239848
0.05,0.18105263157894735,1.4578947368421054,open,closed,bistable,0.03674250588890005,1.0,0.8978567699254667,0.07268505960775569,0.12472519669890283,0.7748531963280991
0.05,0.18105263157894735,1.5263157894736843,open,closed,bistable,0.03874011721936724,1.0,0.8964716051538002,0.07168363521292608,0.12688713270719473,0.7750814378039145
0.05,0.18105263157894735,1.5947368421052632,open,closed,bistable,0.1921121475365575,1.0,0.7518896193434265,0.07086937380337835,0.3397469566827172,0.775205269674692
0.05,0.18105263157894735,1.6631578947368422,intermediate,closed,bistable,0.2064934947678911,1.0,0.7388063893392334,0.07029003455780886,0.34317374321379124,0.7752911376550996
0.05,0.18105263157894735,1.731578947368421,intermediate,closed,bistable,0.22160835419063818,1.0,0.7251800535269458,0.06987819050576177,0.3469847777756391,0.7753507153734556
0.05,0.18105263157894735,1.8,intermediate,closed,bistable,0.2374435380700582,1.0,0.7111411332756162,0.06975231936047117,0.35118587136010804,0.7754369654627323
0.05,0.1936842105263158,0.5,open,open,open,0.019632660367391922,0.04350816875030764,0.9082191322073356,0.7791097527317872,0.11309566074436558,0.3200818601538997
0.05,0.1936842105263158,0.5684210526315789,open,open,open,0.020054116644274592,0.047842959305363635,0.9076581429310954,0.771345281749061,0.11309794783347937,0.3208613080808709
0.05,0.1936842105263158,0.6368421052631579,open,open,open,0.020496138901165827,0.05269225011733344,0.9070764540755997,0.7634996007905446,0.11310036380002643,0.32175699848841244
0.05,0.1936842105263158,0.7052631578947368,open,open,open,0.02095967909700296,0.05798253391371979,0.9064734913369458,0.7560686742948947,0.11310291622421613,0.3227433124033681
0.05,0.1936842105263158,0.7736842105263158,open,open,open,0.02144572456792735,0.06384167943504718,0.9058486859787988,0.748415757880595,0.11310561311792697,0.3238658527988794
0.05,0.1936842105263158,0.8421052631578947,open,open,open,0.02196734014527354,0.07022999472287218,0.9052497276196875,0.7407492429387047,0.11337742412997419,0.3251144022082333
0.05,0.1936842105263158,0.9105263157894737,open,open,open,0.022536406482616508,0.07720893147252096,0.9046589461893999,0.7327237777858326,0.11392231490054822,0.32652231107544283
0.05,0.1936842105263158,0.9789473684210527,open,open,open,0.02314631804696605,0.08479343841115722,0.9040209251769514,0.7241766638528558,0.11447241216665882,0.3281118103019192
0.05,0.1936842105263158,1.0473684210526315,open,closed,bistable,0.023799131001986017,1.0,0.9033340050171623,0.10061636166334918,0.11502746818459476,0.7651594907640927
0.05,0.1936842105263158,1.1157894736842104,open,closed,bistable,0.024469028431806115,1.0,0.9025737065475524,0.0897756160610424,0.11530871996877727,0.7697359403711401
0.05,0.1936842105263158,1.1842105263157894,open,closed,bistable,0.025209730441806237,1.0,0.9017908769945869,0.0834762659422315,0.1158709647413063,0.7719311665650365
0.05,0.1936842105263158,1.2526315789473683,open,closed,bistable,0.02599981929300611,1.0,0.9009543450835706,0.0792506829761264,0.11643769342368251,0.773203107962464
0.05,0.1936842105263158,1.3210526315789475,open,closed,bistable,0.026841682891282387,1.0,0.9000624382695843,0.07621893160070416,0.11700875786507425,0.773951629308153
0.05,0.1936842105263158,1.3894736842105264,open,closed,bistable,0.027737791062739013,1.0,0.8991134967525494,0.07417079561045907,0.1175840319868643,0.7744794966046913
0.05,0.1936842105263158,1.4578947368421054,open,closed,bistable,0.028690692552522757,1.0,0.898105881948965,0.07268584123423134,0.11816340963692776,0.7748151325994017
0.05,0.1936842105263158,1.5263157894736843,open,closed,bistable,0.02970301110443599,1.0,0.8970379855650094,0.07168401282556298,0.11874680271118199,0.7750577062155167
0.05,0.1936842105263158,1.5947368421052632,open,closed,bistable,0.030841090510345993,1.0,0.8958773413363457,0.07086956086223413,0.11962594444975962,0.7751899120730221
0.05,0.1936842105263158,1.6631578947368422,open,closed,bistable,0.03198650099395871,1.0,0.8946754923747905,0.07029012680053684,0.12021884769207332,0.7752812100315741
0.05,0.1936842105263158,1.731578947368421,open,closed,bistable,0.03319988932358746,1.0,0.8934085352763723,0.06987823581569381,0.12081556064020878,0.7753443022871438
0.05,0.1936842105263158,1.8,open,closed,bistable,0.03456735718967484,1.0,0.8920165457276363,0.06975234090222274,0.12171356630415288,0.7754328920043488
0.05,0.20631578947368423,0.5,open,open,open,0.017451923405216757,0.03510814968483768,0.9082109255031421,0.7742982603577685,0.11308659457162966,0.3190762054191813
0.05,0.20631578947368423,0.5684210526315789,open,open,open,0.01776844408647988,0.038545475035882765,0.9076479914695847,0.764426865908068,0.11308838720953446,0.3197607600240867
0.05,0.20631578947368423,0.6368421052631579,open,open,open,0.018100680212775774,0.042302924263006324,0.9070640821196104,0.7550513616679159,0.11309028075122082,0.32051597283487215
0.05,0.20631578947368423,0.7052631578947368,open,open,open,0.018449391670289167,0.04653151850853116,0.9064585913601365,0.7455176990899313,0.11309228121343573,0.32139055950374895
0.05,0.20631578947368423,0.7736842105263158,open,open,open,0.01881537066226356,0.05119599566757775,0.9058309156268234,0.7361685810076777,0.11309439497274236,0.3223722973460171
0.05,0.20631578947368423,0.8421052631578947,open,open,open,0.01919944237433245,0.05636460861822654,0.9051804565079686,0.7267345889615526,0.11309662878360172,0.3234850615835214
0.05,0.20631578947368423,0.9105263157894737,open,open,open,0.019602465539394945,0.06202938378232245,0.9045066236360296,0.7173259071659694,0.11309898979658264,0.32472899569224284
0.05,0.20631578947368423,0.9789473684210527,open,open,open,0.02002533288114343,0.0682495764680579,0.9038088378540657,0.7076490633846246,0.11310148557653639,0.3261344697568238
0.05,0.20631578947368423,1.0473684210526315,open,open,open,0.02046999313555498,0.07501667121376038,0.9031176072666887,0.6976774098536146,0.11337303886774217,0.32771087463605814
0.05,0.20631578947368423,1.1157894736842104,open,closed,bistable,0.020942560798260026,1.0,0.9023890327969211,0.08974947551983829,0.1136460976585232,0.7681042953495788
0.05,0.20631578947368423,1.1842105263157894,open,closed,bistable,0.021444405443408372,1.0,0.9016220139343482,0.08317854667086745,0.11392063639371636,0.7711993866097216
0.05,0.20631578947368423,1.2526315789473683,open,closed,bistable,0.021976948567453216,1.0,0.9008154621509726,0.07899858469867117,0.11419663271224431,0.7728151026021983
0.05,0.20631578947368423,1.3210526315789475,open,closed,bistable,0.02255648658674869,1.0,0.8999723860630464,0.07611217878783778,0.11474924951485714,0.7737650962320645
0.05,0.20631578947368423,1.3894736842105264,open,closed,bistable,0.023158659180917435,1.0,0.8990763757971401,0.07404424504616676,0.11502927003025751,0.774346997813125
0.05,0.20631578947368423,1.4578947368421054,open,closed,bistable,0.02381901828997422,1.0,0.8981264521519746,0.07254579294804034,0.11558923216885193,0.7747154875835325
0.05,0.20631578947368423,1.5263157894736843,open,closed,bistable,0.02452489767445398,1.0,0.8971167939030062,0.07153438252772254,0.11615376872793251,0.7749774506826863
0.05,0.20631578947368423,1.5947368421052632,open,closed,bistable,0.025246838810121474,1.0,0.896073314107919,0.07086981318016265,0.11644002138029683,0.7751692733974969
0.05,0.20631578947368423,1.6631578947368422,open,closed,bistable,0.02604577194799204,1.0,0.8949477905712437,0.07029025116581286,0.11701130415247468,0.7752678578350117
0.05,0.20631578947368423,1.731578947368421,open,closed,bistable,0.026855773966777872,1.0,0.8938026146894641,0.06987829688598503,0.11730120049277355,0.7753356723173866
0.05,0.20631578947368423,1.8,open,closed,bistable,0.02775643814327643,1.0,0.8925557901366051,0.06958563186622564,0.11787899281013552,0.775382367827704
0.05,0.2189473684210526,0.5,open,open,open,0.015820325636960734,0.028727864185334333,0.9082047534087533,0.7702281677301187,0.11307981237493589,0.3182883762275325
0.05,0.2189473684210526,0.5684210526315789,open,open,open,0.016057340866438813,0.031357025760560424,0.9076403499453495,0.7589797488297766,0.11308123099079008,0.318857306228359
0.05,0.2189473684210526,0.6368421052631579,open,open,open,0.01630627725468709,0.03428817453955207,0.9070547602600126,0.7477652069131395,0.11308272882136268,0.31950380824426744
0.05,0.2189473684210526,0.7052631578947368,open,open,open,0.016567729840037085,0.03757677150457507,0.9064473533547178,0.7365346462979201,0.11308431060180373,0.3202464457631499
0.05,0.2189473684210526,0.7736842105263158,open,open,open,0.016842321309840244,0.041266611967769956,0.9058174982548928,0.7252416599507541,0.11308598135827257,0.3211005698630874
0.05,0.2189473684210526,0.8421052631578947,open,open,open,0.01713070290829387,0.04534124882040687,0.9051645664379346,0.7141700179054401,0.1130877464241748,0.32205891866510494
0.05,0.2189473684210526,0.9105263157894737,open,open,open,0.0174335553121783,0.04986233213833785,0.9044879345240264,0.7031246003779582,0.11308961145685512,0.3231423547264213
0.05,0.2189473684210526,0.9789473684210527,open,open,open,0.017751589462299627,0.05486988303500309,0.9037869872385949,0.6920089483570739,0.11309158245467034,0.32436863550033596
0.05,0.2189473684210526,1.0473684210526315,open,open,open,0.018085547336638266,0.060416845833481364,0.9030611206532443,0.6806244183287266,0.11309366577434429,0.3257647667363607
0.05,0.2189473684210526,1.1157894736842104,open,closed,bistable,0.01843620264924337,0.9929262226756347,0.9023097457088188,0.08979362388050448,0.1130958681484831,0.7644338465927374
0.05,0.2189473684210526,1.1842105263157894,open,closed,bistable,0.018804361456790188,1.0,0.9015322920204104,0.08266737523829755,0.11309819670310571,0.7700526666996843
0.05,0.2189473684210526,1.2526315789473683,open,closed,bistable,0.0191908626524359,1.0,0.9007282119595459,0.0785858810962081,0.11310065897501315,0.772234530129574
0.05,0.2189473684210526,1.3210526315789475,open,closed,bistable,0.01959068877157069,1.0,0.8999024249275988,0.07578743568683005,0.1133721612424537,0.7734260581711863
0.05,0.2189473684210526,1.3894736842105264,open,closed,bistable,0.02001622299046077,1.0,0.8990350035599658,0.07379119906152706,0.11364516680981541,0.7741362254324959
0.05,0.2189473684210526,1.4578947368421054,open,closed,bistable,0.020468742376197394,1.0,0.8981248504348529,0.07240661118343913,0.11391965006507591,0.7745975950390477
0.05,0.2189473684210526,1.5263157894736843,open,closed,bistable,0.020949573767048667,1.0,0.8971708947938626,0.07153509262999963,0.11419558858731313,0.7749330319924186
0.05,0.2189473684210526,1.5947368421052632,open,closed,bistable,0.021466995517317244,1.0,0.896146720673557,0.07071381948602125,0.1147481278038605,0.7750951651104517
0.05,0.2189473684210526,1.6631578947368422,open,closed,bistable,0.022012095914204565,1.0,0.8950938724727253,0.0702904188836413,0.11502808543121047,0.7752499097872256
0.05,0.2189473684210526,1.731578947368421,open,closed,bistable,0.022589930597643044,1.0,0.893993978910113,0.06987837921242722,0.11530942273717645,0.7753240634901074
0.05,0.2189473684210526,1.8,open,closed,bistable,0.023202026023450433,1.0,0.8928461386101066,0.06958567215143784,0.11559213108845916,0.7753748654534182
0.05,0.23157894736842105,0.5,open,open,open,0.014602021303724833,0.023892792584380297,0.9082001267993923,0.7669687723293352,0.11307474871345735,0.3176731222806494
0.05,0.23157894736842105,0.5684210526315789,open,open,open,0.014779109860629873,0.025882973871794966,0.907634617990545,0.7545198841639594,0.1130758857528043,0.31814333724284005
0.05,0.23157894736842105,0.6368421052631579,open,open,open,0.014965191729463565,0.028175948397707845,0.9070477628528117,0.7415179327013109,0.11307708537800062,0.3186988651580336
0.05,0.23157894736842105,0.7052631578947368,open,open,open,0.015160726380568153,0.030682949771586764,0.9064389111428549,0.7288320237509578,0.11307835130181484,0.3193155115736073
0.05,0.23157894736842105,0.7736842105263158,open,open,open,0.015366195967586798,0.03354662670088462,0.9058074106326551,0.7158306399443389,0.11307968746748726,0.3200394099608617
0.05,0.23157894736842105,0.8421052631578947,open,open,open,0.015582106257640671,0.036722171839865446,0.9051526093661074,0.7030237535311721,0.11308109806237779,0.3208561805829337
0.05,0.23157894736842105,0.9105263157894737,open,open,open,0.015808987566528238,0.040316183389076866,0.9044738581695309,0.6899935716164941,0.11308258753217368,0.32180163430807335
0.05,0.23157894736842105,0.9789473684210527,open,open,open,0.01604739569271381,0.04429095190628952,0.90377051342634,0.6771865375017067,0.11308416059563087,0.3228622290585088
0.05,0.23157894736842105,1.0473684210526315,open,open,open,0.016297912842706735,0.04867835788153145,0.9030419401239931,0.664591019194942,0.11308582225980844,0.3240501594095443
0.05,0.23157894736842105,1.1157894736842104,open,open,open,0.0165611485391247,0.053622019035733215,0.9022875151785751,0.6515653401406312,0.11308757783574742,0.32542680204177993
0.05,0.23157894736842105,1.1842105263157894,open,closed,bistable,0.01683774050127138,1.0,0.901506631039045,0.08129088157578607,0.11308943295452441,0.7680597558920984
0.05,0.23157894736842105,1.2526315789473683,open,closed,bistable,0.017128355486433936,1.0,0.900698699569176,0.0778667352171406,0.1130913935835967,0.7713439531045608
0.05,0.23157894736842105,1.3210526315789475,open,closed,bistable,0.0174336900783128,1.0,0.8998631562005155,0.07536175679891446,0.11309346604333534,0.7729666874908778
0.05,0.23157894736842105,1.3894736842105264,open,closed,bistable,0.017754471407033127,1.0,0.8989994643443714,0.07354131735025794,0.11309565702361943,0.7738821788687955
0.05,0.23157894736842105,1.4578947368421054,open,closed,bistable,0.018091457783054654,1.0,0.8981071200447658,0.0722684778896324,0.1130979736003403,0.7744530044029839
0.05,0.23157894736842105,1.5263157894736843,open,closed,bistable,0.01843104536575396,1.0,0.8971693492862318,0.07138637722667482,0.1133692875535248,0.7748255236504965
0.05,0.23157894736842105,1.5947368421052632,open,closed,bistable,0.018793316482227276,1.0,0.8961865726120453,0.07071429372101008,0.11364209215969873,0.7750564844416249
0.05,0.23157894736842105,1.6631578947368422,open,closed,bistable,0.019188511744518313,1.0,0.8951902463242849,0.07029064516347092,0.11364487856215176,0.775225773085158
0.05,0.23157894736842105,1.731578947368421,open,closed,bistable,0.0195968288675211,1.0,0.8941227585076079,0.06987849021774,0.11391933306152097,0.7753084554340385
0.05,0.23157894736842105,1.8,open,closed,bistable,0.02003130376607394,1.0,0.8930074075138388,0.06958572645226659,0.11419524102343853,0.7753647719367813
0.05,0.2442105263157895,0.5,open,open,open,0.013693682475396717,0.020271264169450912,0.9081966672805559,0.7642474187410874,0.11307097368633881,0.31720421180184927
0.05,0.2442105263157895,0.5684210526315789,open,open,open,0.013825776985384595,0.02175823940920445,0.9076303297867825,0.7508109168267317,0.1130718995033178,0.31759181468254283
0.05,0.2442105263157895,0.6368421052631579,open,open,open,0.01396462814621742,0.023460800085845838,0.9070425251079418,0.7368228648956788,0.11307287526255946,0.31804291823568104
0.05,0.2442105263157895,0.7052631578947368,open,open,open,0.01411058711698378,0.025425268953871275,0.906432588280751,0.7223350648379857,0.11307390387687995,0.31857406295605656
0.05,0.2442105263157895,0.7736842105263158,open,open,open,0.014264023146319107,0.027579760981895983,0.9057998507800015,0.7080652977912265,0.11307498843899902,0.3191667172178062
0.05,0.2442105263157895,0.8421052631578947,open,open,open,0.014425324416640392,0.030055135767625994,0.9051436426313731,0.6934143331654937,0.11307613223250434,0.31986413428460436
0.05,0.2442105263157895,0.9105263157894737,open,open,open,0.014594898910508908,0.03285069405603486,0.9044632947691332,0.6786574995790076,0.11307733874335515,0.32066705648389354
0.05,0.2442105263157895,0.9789473684210527,open,open,open,0.014773175296543106,0.035941767562130356,0.9037581416492163,0.6642250974715989,0.11307861167192296,0.3215646201588367
0.05,0.2442105263157895,1.0473684210526315,open,open,open,0.014960603831624,0.03945448823151242,0.9030275241262402,0.6495622555595307,0.11307995494556569,0.32260462507037363
0.05,0.2442105263157895,1.1157894736842104,open,open,open,0.015157657275352999,0.0433394276060857,0.9022707926005689,0.6352538009798557,0.11308137273172124,0.3237680621769795
0.05,0.2442105263157895,1.1842105263157894,open,closed,bistable,0.015364831811826853,0.9490403392092068,0.9014873104384739,0.07467184504477802,0.11308286945150063,0.759188753704194
0.05,0.2442105263157895,1.2526315789473683,open,closed,bistable,0.015582647972772925,1.0,0.9006764576648413,0.07644104496929217,0.11308444979375092,0.7699491876209932
0.05,0.2442105263157895,1.3210526315789475,open,closed,bistable,0.015811651554932457,1.0,0.8998376349236263,0.07463149305712023,0.11308611872954817,0.7722730764690349
0.05,0.2442105263157895,1.3894736842105264,open,closed,bistable,0.01605241452327533,1.0,0.8989702676963959,0.073169697232586,0.11308788152706697,0.7735196695778097
0.05,0.2442105263157895,1.4578947368421054,open,closed,bistable,0.016305535890170263,1.0,0.8980738107638706,0.07199234855315678,0.11308974376675991,0.7742269744274064
0.05,0.2442105263157895,1.5263157894736843,open,closed,bistable,0.016571642559008587,1.0,0.8971477528893934,0.07123849429551973,0.11309171135676344,0.774696083871667
0.05,0.2442105263157895,1.5947368421052632,open,closed,bistable,0.016851390118983338,1.0,0.8961916216968011,0.07055905250071016,0.11309379054842884,0.7749591265327496
0.05,0.2442105263157895,1.6631578947368422,open,closed,bistable,0.017145463575754662,1.0,0.8952049887083963,0.07013016785286529,0.11309598795185487,0.7751472537698069
0.05,0.2442105263157895,1.731578947368421,open,closed,bistable,0.017454578000590228,1.0,0.8941874745017023,0.06987863993468538,0.11309831055127474,0.7752874845465599
0.05,0.2442105263157895,1.8,open,closed,bistable,0.017759710641639254,1.0,0.8930902566479793,0.06958579965832039,0.11336962224401671,0.7753511985050111
0.05,0.25684210526315787,0.5,open,open,open,0.013017205314479918,0.017499780270785036,0.9081940852502653,0.7624409722028184,0.11306816244786781,0.3168322393549946
0.05,0.25684210526315787,0.5684210526315789,open,open,open,0.013115615586280138,0.01864150754426713,0.9076271280494871,0.7479259244010071,0.11306893024207434,0.31716360210852496
0.05,0.25684210526315787,0.6368421052631579,open,open,open,0.013219086512485455,0.01993281522699381,0.9070386128233461,0.7327899713821363,0.11306973842434648,0.3175434988798733
0.05,0.25684210526315787,0.7052631578947368,open,open,open,0.013327884447672148,0.021395688932386987,0.9064278634357879,0.7172664795915601,0.11307058929027641,0.31797884502164925
0.05,0.25684210526315787,0.7736842105263158,open,open,open,0.013442289890441233,0.023084109354908643,0.9057941989682516,0.7012536319868773,0.11307148527453903,0.3184896816871657
0.05,0.25684210526315787,0.8421052631578947,open,open,open,0.013562598200278188,0.0249494352218356,0.9051369357162516,0.6853027086989093,0.11307242895940472,0.319064330316148
0.05,0.25684210526315787,0.9105263157894737,open,open,open,0.013689120342097778,0.027122780717387152,0.9044553894224486,0.6687996431496056,0.11307342308371085,0.31974747406251913
0.05,0.25684210526315787,0.9789473684210527,open,open,open,0.013822183657918256,0.029513973001965,0.9037488777565698,0.6526598406828017,0.11307447055230602,0.32050705107872984
0.05,0.25684210526315787,1.0473684210526315,open,open,open,0.01396213266475166,0.03224221303398516,0.9030167230507864,0.636361335162196,0.11307557444597442,0.32138555807064295
0.05,0.25684210526315787,1.1157894736842104,open,open,open,0.01410932987737559,0.035272254579471495,0.9022582552968081,0.6204257266370683,0.11307673803184855,0.32236965600289363
0.05,0.25684210526315787,1.1842105263157894,open,open,open,0.01426415665415594,0.03872625670911705,0.9014728154081191,0.6044496520045223,0.1130779647743144,0.32350700650416786
0.05,0.25684210526315787,1.2526315789473683,open,closed,bistable,0.014427014063512685,0.9833908203204748,0.9006597587473733,0.07445882500154319,0.11307925834640857,0.765772949364514
0.05,0.25684210526315787,1.3210526315789475,open,closed,bistable,0.014598323767948425,1.0,0.8998184589150301,0.07332507958679503,0.113080622641703,0.7712228724643719
0.05,0.25684210526315787,1.3894736842105264,open,closed,bistable,0.014778528921785043,1.0,0.8989483117907401,0.07255813202572219,0.11308206178666688,0.7729809759692643
0.05,0.25684210526315787,1.4578947368421054,open,closed,bistable,0.014968095077863144,1.0,0.8980487398139512,0.07171932935735216,0.11308358015348875,0.7739461564498462
0.05,0.25684210526315787,1.5263157894736843,open,closed,bistable,0.01516751109744248,1.0,0.897119196484673,0.07094326309221662,0.1130851823733321,0.7744919373807332
0.05,0.25684210526315787,1.5947368421052632,open,closed,bistable,0.015377290056386545,1.0,0.8961591710593548,0.07040450796965976,0.11308687334999296,0.7748430964953801
0.05,0.25684210526315787,1.6631578947368422,open,closed,bistable,0.01559797013941031,1.0,0.8951681934106476,0.07013059355143214,0.11308865827390863,0.7751020594624201
0.05,0.25684210526315787,1.731578947368421,open,closed,bistable,0.015830115512707358,1.0,0.8941458390134108,0.06971484993871076,0.11309054263646177,0.7752144673302396
0.05,0.25684210526315787,1.8,open,closed,bistable,0.016074317163640533,1.0,0.8930917340130107,0.06958589837506989,0.11309253224450337,0.7753329564563513
0.05,0.2694736842105263,0.5,open,open,open,0.01251382660261992,0.0154460080159083,0.9081921608137999,0.7609089204595989,0.1130660706552069,0.3165552641620865
0.05,0.2694736842105263,0.5684210526315789,open,open,open,0.01258707429723393,0.01631539243424954,0.9076247410573146,0.7455779062215316,0.1130667204633748,0.3168395002925167
0.05,0.2694736842105263,0.6368421052631579,open,open,open,0.012664103673902756,0.017288479453581734,0.9070356952135289,0.7295050071167422,0.11306740347298024,0.3171617492896394
0.05,0.2694736842105263,0.7052631578947368,open,open,open,0.01274511563585513,0.018366402103038373,0.9064243387142764,0.7130839866230192,0.11306812150820449,0.31752121527193533
0.05,0.2694736842105263,0.7736842105263158,open,open,open,0.012830321991218464,0.019628682189450672,0.9057899812745237,0.6960389616050834,0.11306887650012303,0.31794330591441505
0.05,0.2694736842105263,0.8421052631578947,open,open,open,0.012919946037174869,0.021085934271284298,0.9051319287971926,0.6784782666509901,0.11306967049312731,0.3184370463166911
0.05,0.2694736842105263,0.9105263157894737,open,open,open,0.013014223171361774,0.022719549332681103,0.9044494855072089,0.6607726725470559,0.11307050565170695,0.3189995510688726
0.05,0.2694736842105263,0.9789473684210527,open,open,open,0.013113401530955084,0.024564866755000813,0.9037419563248883,0.6429831549558446,0.11307138426761226,0.3196423539265877
0.05,0.2694736842105263,1.0473684210526315,open,open,open,0.013217742659710435,0.026648254844038367,0.9030086494871069,0.625232699543495,0.11307230876740806,0.3203737780812854
0.05,0.2694736842105263,1.1157894736842104,open,open,open,0.013327522203038225,0.02902627130614678,0.9022488794223567,0.6074038238448264,0.11307328172043649,0.321216106787528
0.05,0.2694736842105263,1.1842105263157894,open,open,open,0.013443030630945613,0.03168164313176333,0.9014619698831603,0.5899521574556976,0.11307430584720272,0.32216226255343516
0.05,0.2694736842105263,1.2526315789473683,open,closed,bistable,0.013564573988384383,0.8927319021757175,0.9006472573359745,0.05876095856369436,0.11307538402819808,0.7456891493897508
0.05,0.2694736842105263,1.3210526315789475,open,closed,bistable,0.013692474672194102,0.9973355681768793,0.8998040946049352,0.06898885576981023,0.11307651931317234,0.769605574020894
0.05,0.2694736842105263,1.3894736842105264,open,closed,bistable,0.013827072233413926,1.0,0.8989318547614752,0.07136257909498907,0.11307771493086792,0.7721383840903147
0.05,0.2694736842105263,1.4578947368421054,open,closed,bistable,0.013968724203245773,1.0,0.898029935246976,0.07104015018032361,0.11307897429922412,0.7734701727286282
0.05,0.2694736842105263,1.5263157894736843,open,closed,bistable,0.014117806940378534,1.0,0.8970977622104002,0.07065064761725925,0.11308030103605961,0.7742433121280357
0.05,0.2694736842105263,1.5947368421052632,open,closed,bistable,0.014274716496713847,1.0,0.8961347950371676,0.07025077054159311,0.11308169897023436,0.7746997996576745
0.05,0.2694736842105263,1.6631578947368422,open,closed,bistable,0.014439869497761186,1.0,0.8951405310397336,0.06997083867039702,0.11308317215329095,0.7749957472431981
0.05,0.2694736842105263,1.731578947368421,open,closed,bistable,0.014613704033079284,1.0,0.8941145102743453,0.06971513147542054,0.11308472487156697,0.7751751539191981
0.05,0.2694736842105263,1.8,open,closed,bistable,0.014796680551122446,1.0,0.8930563204425896,0.06941973306245251,0.11308636165876368,0.7752646463642693
0.05,0.28210526315789475,0.5,open,open,open,0.012139487261530997,0.013922183970586383,0.9081907279807205,0.7596680934885152,0.11306451514193641,0.3163484973245574
0.05,0.28210526315789475,0.5684210526315789,open,open,open,0.01219396859016213,0.01456595198590397,0.9076229634541014,0.743810353832067,0.11306507698835856,0.3165910344344946
0.05,0.28210526315789475,0.6368421052631579,open,open,open,0.012251271033478547,0.01528573461165718,0.9070335219661202,0.7270494733433112,0.11306566664885605,0.3168647560051409
0.05,0.28210526315789475,0.7052631578947368,open,open,open,0.012311545501098541,0.016119463482900772,0.9064217126118643,0.7095377834048407,0.11306628559023996,0.3171786804859156
0.05,0.28210526315789475,0.7736842105263158,open,open,open,0.012374951225635547,0.017068703939327107,0.9057868380600097,0.6915258286261986,0.11306693536124982,0.3175350840201319
0.05,0.28210526315789475,0.8421052631578947,open,open,open,0.012441656225977392,0.01816288710646284,0.9051281963863864,0.672968173001709,0.11306761759726476,0.31794688024897766
0.05,0.28210526315789475,0.9105263157894737,open,open,open,0.012511837794687846,0.019373470456178574,0.9044450831307971,0.6542636277481816,0.11306833402528259,0.31840836173161685
0.05,0.28210526315789475,0.9789473684210527,open,open,open,0.012585683010369273,0.02077371418337465,0.9037367935869202,0.6351631424942129,0.11306908646918001,0.31894518046347264
0.05,0.28210526315789475,1.0473684210526315,open,open,open,0.012663389275770678,0.022374662878099617,0.903002625333453,0.615903502795783,0.11306987685527148,0.3195616722850739
0.05,0.28210526315789475,1.1157894736842104,open,open,open,0.012745164882351938,0.024213918108773463,0.9022418810123983,0.5964960434002351,0.11307070721818203,0.3202726476451352
0.05,0.28210526315789475,1.1842105263157894,open,open,open,0.012831229601916443,0.026249858436182553,0.9014538713577952,0.5775290106547886,0.11307157970705263,0.32106179627547504
0.05,0.28210526315789475,1.2526315789473683,open,open,open,0.012921815305799915,0.028578165748593124,0.9006379184749204,0.5587137385954423,0.11307249659209803,0.32196674791952046
0.05,0.28210526315789475,1.3210526315789475,open,closed,bistable,0.01301716661194487,0.9362980473681194,0.8997933593663308,0.05510253545166319,0.11307346027153468,0.7603010914159979
0.05,0.28210526315789475,1.3894736842105264,open,closed,bistable,0.01311754155999461,1.0,0.8989195496968614,0.06841802964495147,0.11307447327890176,0.770887681123871
0.05,0.28210526315789475,1.4578947368421054,open,closed,bistable,0.013223212314301982,1.0,0.8980158677850122,0.07010832794777759,0.11307553829079596,0.7728133403824705
0.05,0.28210526315789475,1.5263157894736843,open,closed,bistable,0.013334465894458032,1.0,0.8970817188030689,0.07006920413355243,0.11307665813504249,0.7738534185569188
0.05,0.28210526315789475,1.5947368421052632,open,closed,bistable,0.013451604932598156,1.0,0.8961165391628305,0.06994388913783406,0.1130778357993243,0.7744769862600358
0.05,0.28210526315789475,1.6631578947368422,open,closed,bistable,0.013574948456330121,1.0,0.8951198010582557,0.06981175660487156,0.1130790744402914,0.7748669531330564
0.05,0.28210526315789475,1.731578947368421,open,closed,bistable,0.013704832695638478,1.0,0.8940910171305988,0.06955196428268988,0.11308037739317076,0.7750783660686563
0.05,0.28210526315789475,1.8,open,closed,bistable,0.013841611911546717,1.0,0.8930297452160858,0.06941991863840552,0.11308174818189566,0.7752304030979462
0.05,0.29473684210526313,0.5,open,open,open,0.011343423760794464,0.012784110821909526,0.9088293336314253,0.7587332410192117,0.11552417373787797,0.31619251586599995
0.05,0.29473684210526313,0.5684210526315789,open,open,open,0.011442319730717732,0.01322700792731824,0.9081534375675931,0.7426608847292351,0.11524669577940783,0.3163953458598964
0.05,0.29473684210526313,0.6368421052631579,open,open,open,0.011656064048378455,0.013789341634174274,0.9073420030751808,0.7251231806588876,0.11441977677861266,0.31663995060915817
0.05,0.29473684210526313,0.7052631578947368,open,open,open,0.011989162947578567,0.01443783273530078,0.9064197578766536,0.7067282551019366,0.11306492052627097,0.31691810148909527
0.05,0.29473684210526313,0.7736842105263158,open,open,open,0.012036316020822103,0.015100332185689333,0.9057844979626408,0.6882734239074642,0.1130654918797195,0.3172086439758293
0.05,0.29473684210526313,0.8421052631578947,open,open,open,0.012085929262264894,0.015945156995010895,0.905125417064864,0.6687047355123644,0.11306609080273466,0.317563726122998
0.05,0.29473684210526313,0.9105263157894737,open,open,open,0.012138135701697863,0.016844143967969356,0.9044418042003588,0.6490853800453618,0.11306671869130581,0.3179481064750493
0.05,0.29473684210526313,0.9789473684210527,open,open,open,0.01219307581813297,0.01795346928007525,0.9037329474257947,0.628479391964343,0.11306737701483303,0.31841649123180943
0.05,0.29473684210526313,1.0473684210526315,open,open,open,0.012250897963660195,0.01911604812341393,0.9029981362988109,0.608401805664711,0.11306806732006747,0.31891407754484663
0.05,0.29473684210526313,1.1157894736842104,open,open,open,0.012311758810214828,0.020505653610803757,0.9022366645809429,0.5878231832451697,0.11306879123527638,0.31950334657051427
0.05,0.29473684210526313,1.1842105263157894,open,open,open,0.012375823820151033,0.022092315016647757,0.9014478331851814,0.5672299895784847,0.11306955047465064,0.3201751210573038
0.05,0.29473684210526313,1.2526315789473683,open,open,open,0.01244326774148321,0.023874309589695,0.9006309533680501,0.5469191566630386,0.1130703468429726,0.3209292801356253
0.05,0.29473684210526313,1.3210526315789475,open,open,open,0.012514275128605066,0.025889843257060775,0.899785350162409,0.5271895594865308,0.1130711822405679,0.3217773001800489
0.05,0.29473684210526313,1.3894736842105264,open,closed,bistable,0.012589040889225505,0.9630555882845353,0.8989103660430219,0.054340262310522025,0.11307205866856229,0.7671974902333467
0.05,0.29473684210526313,1.4578947368421054,open,closed,bistable,0.012667770858165046,1.0,0.898005364812354,0.06804671532062496,0.11307297823447113,0.7717881062594613
0.05,0.29473684210526313,1.5263157894736843,open,closed,bistable,0.012750682398533815,1.0,0.8970697356890133,0.06935326825193217,0.1130739431581494,0.7733305061756905
0.05,0.29473684210526313,1.5947368421052632,open,closed,bistable,0.012838005030656812,1.0,0.8961028975759593,0.06948676857816075,0.11307495577813198,0.7741613154058953
0.05,0.29473684210526313,1.6631578947368422,open,closed,bistable,0.012929981088918265,1.0,0.89510430348013,0.06949443218666261,0.11307601855839673,0.7746645625301702
0.05,0.29473684210526313,1.731578947368421,open,closed,bistable,0.013026866406458953,1.0,0.8940734450495847,0.06938938646888557,0.11307713409558465,0.7749624594927466
0.05,0.29473684210526313,1.8,open,closed,bistable,0.01312893102737176,1.0,0.8930098571889418,0.06925431003885249,0.11307830512671103,0.7751418769447735
0.05,0.30736842105263157,0.5,open,open,open,0.01078518445250253,0.01192187492983823,0.9092417738388715,0.758116490160825,0.1172124317232539,0.31607224727005506
0.05,0.30736842105263157,0.5684210526315789,open,open,open,0.010873754074569126,0.012281111181034518,0.9085385674290828,0.74143728533352,0.11692896885509327,0.31626108514477036
0.05,0.30736842105263157,0.6368421052631579,open,open,open,0.010963934611499478,0.012651348052898253,0.9078207458053535,0.723777291898589,0.11664646407404121,0.31646485001810504
0.05,0.30736842105263157,0.7052631578947368,open,open,open,0.011055787155552343,0.013150609118563998,0.9070880558746739,0.7047486768976795,0.1163649370525041,0.31671223643702795
0.05,0.30736842105263157,0.7736842105263158,open,open,open,0.011149376157735676,0.013691103131113522,0.9063402523645117,0.6852395305996206,0.11608440866044338,0.3169803115127807
0.05,0.30736842105263157,0.8421052631578947,open,open,open,0.011300863681761964,0.014256161690290054,0.9055332498861781,0.6655364486855938,0.11552584243805294,0.31726374261976675
0.05,0.30736842105263157,0.9105263157894737,open,open,open,0.011511610330405346,0.01496196684793718,0.9046818650525343,0.644860579418677,0.1146956486433166,0.31760164264283414
0.05,0.30736842105263157,0.9789473684210527,open,open,open,0.011901154885305222,0.015800421079669086,0.9037300847350251,0.623420492751309,0.11306610598220128,0.3179970540559319
0.05,0.30736842105263157,1.0473684210526315,open,open,open,0.011944154265105837,0.016676369669441367,0.9029947944899586,0.6022558543250723,0.11306672170418604,0.31841726091288425
0.05,0.30736842105263157,1.1157894736842104,open,open,open,0.011989419281131617,0.017706716335114135,0.9022327804881203,0.5807676123556667,0.11306736626834873,0.3189031579318027
0.05,0.30736842105263157,1.1842105263157894,open,open,open,0.012037074052617176,0.01892779254740136,0.9014433362642557,0.5589205446996452,0.11306804105994264,0.31947066292022935
0.05,0.30736842105263157,1.2526315789473683,open,open,open,0.012087249762332235,0.020261504246980436,0.9006257649162895,0.5375657919381411,0.11306874753128054,0.3200887622788282
0.05,0.30736842105263157,1.3210526315789475,open,open,open,0.01214008506605946,0.021781076657195152,0.8997793824655698,0.5164185452993462,0.1130694872050824,0.32078749849974514
0.05,0.30736842105263157,1.3894736842105264,open,closed,bistable,0.012195726524669392,0.8740300111064468,0.8989035214446829,0.04133813968275434,0.11307026167804274,0.7438697274759248
0.05,0.30736842105263157,1.4578947368421054,open,closed,bistable,0.012254329059702466,0.986416535918268,0.8979975347001857,0.06455558298923228,0.11307107262464633,0.7686731192685742
0.05,0.30736842105263157,1.5263157894736843,open,closed,bistable,0.01231605643333447,1.0,0.8970607993926258,0.06767249183439039,0.11307192180126137,0.7724843516310077
0.05,0.30736842105263157,1.5947368421052632,open,closed,bistable,0.012381081753552497,1.0,0.8960927211710062,0.06873309958121569,0.11307281105054083,0.7736981934697347
0.05,0.30736842105263157,1.6631578947368422,open,closed,bistable,0.012449588005298572,1.0,0.8950927384934297,0.06902164401295555,0.11307374230616958,0.7743804251717662
0.05,0.30736842105263157,1.731578947368421,open,closed,bistable,0.01252176860824419,1.0,0.894060327060239,0.0692274634721704,0.11307471759799494,0.7748186948089175
0.05,0.30736842105263157,1.8,open,closed,bistable,0.012597828001736975,1.0,0.8929950043207278,0.0692546597112915,0.11307573905758142,0.7750780524298171
0.05,0.32,0.5,open,open,open,0.010447797007230515,0.011252325355881802,0.9094437840825907,0.7578270052825603,0.11806901329829768,0.31597611119032054
0.05,0.32,0.5684210526315789,open,open,open,0.010472949383450551,0.01152039878131246,0.9087891646572457,0.7408794758022951,0.11806947102124052,0.31614675888818966
0.05,0.32,0.6368421052631579,open,open,open,0.010554671038068494,0.01181278496863812,0.9080522452155066,0.7226773638793113,0.1177832778757434,0.3163358439690891
0.05,0.32,0.7052631578947368,open,open,open,0.010582321767744884,0.012179988957404688,0.9073522441732513,0.7032866508340406,0.11778377499864068,0.3165544126924418
0.05,0.32,0.7736842105263158,open,open,open,0.010666655066124051,0.01257589462455999,0.9065788756226489,0.6833388254677344,0.1174985080087716,0.31678926488613846
0.05,0.32,0.8421052631578947,open,open,open,0.010752455010557528,0.013023368361608324,0.9057892764137752,0.6628253048119641,0.11721416491157394,0.31704674765705637
0.05,0.32,0.9105263157894737,open,open,open,0.010839777069267382,0.013561672598495587,0.9049832064492926,0.6414959384111636,0.11693076322444038,0.31734183385474823
0.05,0.32,0.9789473684210527,open,open,open,0.010928679806687172,0.01414623544274744,0.9041604393948409,0.6197993928578247,0.11664832152465403,0.3176631059877622
0.05,0.32,1.0473684210526315,open,open,open,0.011019225101106072,0.014836542820734615,0.9033207649923088,0.5975045486752574,0.11636685951434096,0.3180326618276689
0.05,0.32,1.1157894736842104,open,open,open,0.011167730738224177,0.015620917397280824,0.9024446994582112,0.5750189926436309,0.11580630905184518,0.318447064960201
0.05,0.32,1.1842105263157894,open,open,open,0.011318588828862951,0.016516822114148573,0.9015632731117396,0.5524840396447303,0.11524987211795475,0.31891245273325475
0.05,0.32,1.2526315789473683,open,open,open,0.011822538611397595,0.01751930437341656,0.9006219034081822,0.5301525843478357,0.11306755839341089,0.3194264413895238
0.05,0.32,1.3210526315789475,open,open,open,0.01186182835911068,0.018706035407065502,0.899774940184628,0.5075826260000169,0.113068226733766,0.32002353167549397
0.05,0.32,1.3894736842105264,open,open,open,0.011903210172056224,0.0200325395337739,0.8988984254017469,0.48550476245394153,0.11306892520771095,0.3206841324487475
0.05,0.32,1.4578947368421054,open,closed,bistable,0.011946800235996384,0.9173822773713028,0.8979917036724192,0.04318268840467328,0.11306965516234467,0.7577434188388454
0.05,0.32,1.5263157894736843,open,closed,bistable,0.011992721458067613,0.9987113804039356,0.8970541430856604,0.06169713295105779,0.11307041800314066,0.7716493639852121
0.05,0.32,1.5947368421052632,open,closed,bistable,0.012041103863535917,1.0,0.8960851393077836,0.06754911337687364,0.11307121519677192,0.773030359694832
0.05,0.32,1.6631578947368422,open,closed,bistable,0.012092085014861967,1.0,0.8950841198251823,0.06855356494489964,0.11307204827420182,0.7740275295239464
0.05,0.32,1.731578947368421,open,closed,bistable,0.012145810453993901,1.0,0.8940505482951004,0.06890449414767204,0.11307291883408048,0.7745955542606656
0.05,0.32,1.8,open,closed,bistable,0.012202434168773226,1.0,0.8929839289655479,0.06892473794848018,0.11307382854648844,0.7749084361299429
0.1,0.08,0.5,intermediate,intermediate,intermediate,0.29471021943373055,0.30972347994536675,0.9205098288679533,0.9106533691221392,0.32722022159850483,0.3301709287661431
0.1,0.08,0.5684210526315789,intermediate,intermediate,intermediate,0.31361834401978284,0.3284987991469999,0.9155246670552866,0.9063252234935242,0.32872211999115264,0.3319179158262203
0.1,0.08,0.6368421052631579,intermediate,closed,bistable,0.33265966193126034,1.0,0.9104056401637143,0.3462006927939178,0.3304666532046113,0.7090987325632219
0.1,0.08,0.7052631578947368,intermediate,closed,bistable,0.35188445479477076,1.0,0.9051400404107087,0.2712724888889936,0.3324066213314837,0.7357404086816127
0.1,0.08,0.7736842105263158,intermediate,closed,bistable,0.3713083897678856,1.0,0.899717749787101,0.21677151275414386,0.3345314963685173,0.7500208671138404
0.1,0.08,0.8421052631578947,intermediate,closed,bistable,0.39082657053446346,1.0,0.8941601774250908,0.17444320399751723,0.33683434516400346,0.7589739658235252
0.1,0.08,0.9105263157894737,intermediate,closed,bistable,0.41051035702300787,1.0,0.8884408437164046,0.1411880061596797,0.3393153155770694,0.7651462338925771
0.1,0.08,0.9789473684210527,intermediate,closed,bistable,0.43035141807142113,1.0,0.8825528906328194,0.11612593775916652,0.3419789903323585,0.7692512963632042
0.1,0.08,1.0473684210526315,intermediate,closed,bistable,0.45034564609622874,1.0,0.8764877409161032,0.09722293096686764,0.3448312080828159,0.772181386558189
0.1,0.08,1.1157894736842104,intermediate,closed,bistable,0.4704925230365272,1.0,0.8702350940186341,0.0833030811662372,0.3478791575017265,0.7742559502879339
0.1,0.08,1.1842105263157894,intermediate,closed,bistable,0.4907945628701585,1.0,0.863782894872061,0.07315735912311651,0.35113146095699327,0.775665437006841
0.1,0.08,1.2526315789473683,intermediate,closed,bistable,0.5113037481730005,1.0,0.8570997131173937,0.06580279128290846,0.35461066688175596,0.7766638871299231
0.1,0.08,1.3210526315789475,intermediate,closed,bistable,0.5319826364889967,1.0,0.8501851956632159,0.06051104453173717,0.3583185126145116,0.7773689927295385
0.1,0.08,1.3894736842105264,closed,closed,closed,0.5528409262608487,1.0,0.8430211868207315,0.0569007570833961,0.362268437271855,0.7778894240959752
0.1,0.08,1.4578947368421054,closed,closed,closed,0.5739402225229425,1.0,0.835566383712094,0.054214690826854484,0.36649188135229555,0.7782346003962104
0.1,0.08,1.5263157894736843,closed,closed,closed,0.5952975273786485,1.0,0.8277939301810816,0.05230254904360386,0.3710101008474024,0.7784773398360404
0.1,0.08,1.5947368421052632,closed,closed,closed,0.61696405255595,1.0,0.8196626401814999,0.05094338475142028,0.3758475542755207,0.7786479776296638
0.1,0.08,1.6631578947368422,closed,closed,closed,0.6442979220181845,1.0,0.8090457545524309,0.049978232198562254,0.38212755233090373,0.778767903172643
0.1,0.08,1.731578947368421,closed,closed,closed,0.7131981379471061,1.0,0.7798850713148969,0.04929330661725386,0.40038896254959283,0.7788521817468032
0.1,0.08,1.8,closed,closed,closed,1.0,1.0,0.5575270781292511,0.04880744066930912,0.5329754001534488,0.778911411025449
0.1,0.09263157894736843,0.5,intermediate,intermediate,intermediate,0.23949429592197627,0.2543481121887536,0.9182125380955305,0.906934868787386,0.32536628804880924,0.32788071042260475
0.1,0.09263157894736843,0.5684210526315789,intermediate,intermediate,intermediate,0.25694002455853526,0.27155605191671134,0.9127308034839162,0.9022293711753302,0.3266103162322733,0.32950699940286926
0.1,0.09263157894736843,0.6368421052631579,intermediate,intermediate,intermediate,0.27464973412916,0.2891037536644748,0.907091244619455,0.8971999038875452,0.3281527942417106,0.33129843555397204
0.1,0.09263157894736843,0.7052631578947368,intermediate,closed,bistable,0.2926256411501932,1.0,0.9012940389374557,0.281962615838737,0.3299329589560636,0.7302172059019898
0.1,0.09263157894736843,0.7736842105263158,intermediate,closed,bistable,0.31087688480004255,1.0,0.8953327626847597,0.2200168050257953,0.3319214354129369,0.748294518420889
0.1,0.09263157894736843,0.8421052631578947,intermediate,closed,bistable,0.32937793591496245,1.0,0.8892097344434934,0.17559406832873,0.33410785041587326,0.7582810615657132
0.1,0.09263157894736843,0.9105263157894737,intermediate,closed,bistable,0.3481519879188685,1.0,0.8829093252045925,0.1419184871329664,0.33649025495730384,0.7646730902965432
0.1,0.09263157894736843,0.9789473684210527,intermediate,closed,bistable,0.3671438777066733,1.0,0.8764430959556149,0.11633636174750316,0.33906622498122463,0.7690493228587707
0.1,0.09263157894736843,1.0473684210526315,intermediate,closed,bistable,0.38638788395755647,1.0,0.8697895313809076,0.09723101306051486,0.3418434266185604,0.7721342346552639
0.1,0.09263157894736843,1.1157894736842104,intermediate,closed,bistable,0.40588083579452117,1.0,0.8629397624999126,0.08329628200531411,0.3448291064415452,0.7741580772776818
0.1,0.09263157894736843,1.1842105263157894,intermediate,closed,bistable,0.4256234247787873,1.0,0.8558829103773585,0.07315953834526931,0.3480320078509126,0.7756463111795856
0.1,0.09263157894736843,1.2526315789473683,intermediate,closed,bistable,0.4456655174184996,1.0,0.8485859488822675,0.06580390817716228,0.3514744989649529,0.7766515153911806
0.1,0.09263157894736843,1.3210526315789475,intermediate,closed,bistable,0.46597060847621224,1.0,0.8410518090747522,0.060511609147850566,0.3551591912755475,0.7773609982783621
0.1,0.09263157894736843,1.3894736842105264,intermediate,closed,bistable,0.48654892953184964,1.0,0.8332629843455036,0.05672289084338859,0.3590998835247528,0.7778607727002382
0.1,0.09263157894736843,1.4578947368421054,intermediate,closed,bistable,0.5074624491415972,1.0,0.825176080967067,0.05421482630498322,0.3633283833263871,0.7782313979430894
0.1,0.09263157894736843,1.5263157894736843,intermediate,closed,bistable,0.5287304643380923,1.0,0.8167646429748167,0.05230261581404926,0.3678667710293733,0.7784752746527718
0.1,0.09263157894736843,1.5947368421052632,closed,closed,closed,0.5503750842998146,1.0,0.8079987170668842,0.050943417487638094,0.37273986136253434,0.7786466461019528
0.1,0.09263157894736843,1.6631578947368422,closed,closed,closed,0.5732496833094115,1.0,0.7985106094118539,0.04997824818025836,0.37808105228770256,0.7787670447528338
0.1,0.09263157894736843,1.731578947368421,closed,closed,closed,0.6111290059300135,1.0,0.7820706643925844,0.04929331439196763,0.387553521652731,0.7788516283480859
0.1,0.09263157894736843,1.8,closed,closed,closed,1.0,1.0,0.4791840720917247,0.04880744444029008,0.5633648121890009,0.7789110542555843
0.1,0.10526315789473684,0.5,open,intermediate,bistable,0.1921274153166196,0.20696100853664628,0.9160688282586041,0.9031096316747275,0.3239270649424475,0.32580552159075993
0.1,0.10526315789473684,0.5684210526315789,intermediate,intermediate,intermediate,0.20793344543808692,0.222410976993553,0.9100365174646242,0.8979548665462014,0.3248167957911355,0.3273027950626575
0.1,0.10526315789473684,0.6368421052631579,intermediate,intermediate,intermediate,0.2240730656206442,0.2383729717724912,0.9038274121461405,0.8923970000757395,0.3260956633680083,0.3289786709492977
0.1,0.10526315789473684,0.7052631578947368,intermediate,intermediate,intermediate,0.2405495189638582,0.2547005460821056,0.8974464660037329,0.8865416309294272,0.3276693923703658,0.3308196059421966
0.1,0.10526315789473684,0.7736842105263158,intermediate,closed,bistable,0.2574106876014301,1.0,0.890874358648684,0.227308969773753,0.32947974454834833,0.7446414438579915
0.1,0.10526315789473684,0.8421052631578947,intermediate,closed,bistable,0.27462688216510694,1.0,0.8841178414859944,0.17787995682569444,0.33151281716500897,0.7570082307261344
0.1,0.10526315789473684,0.9105263157894737,intermediate,closed,bistable,0.29217532016076136,1.0,0.8771805504236242,0.1426645512092974,0.3337594056448951,0.7641513938377809
0.1,0.10526315789473684,0.9789473684210527,intermediate,closed,bistable,0.3100389445887321,1.0,0.8700634356626383,0.11655375394682932,0.3362147679080071,0.7688186634795008
0.1,0.10526315789473684,1.0473684210526315,intermediate,closed,bistable,0.3282905809044592,1.0,0.8627240722399431,0.09731910043342834,0.3388910965630318,0.7719770480629345
0.1,0.10526315789473684,1.1157894736842104,intermediate,closed,bistable,0.34684021762326805,1.0,0.8551959131951362,0.08330210497809806,0.3417842216156619,0.7741169808766647
0.1,0.10526315789473684,1.1842105263157894,intermediate,closed,bistable,0.3657285693583453,1.0,0.8474504880016476,0.07316247760622349,0.34490763724120715,0.7756205158968493
0.1,0.10526315789473684,1.2526315789473683,intermediate,closed,bistable,0.3850034578229812,1.0,0.8394530984589692,0.06580541346365641,0.3482834191564624,0.7766348766680633
0.1,0.10526315789473684,1.3210526315789475,intermediate,closed,bistable,0.4046289378206234,1.0,0.8312113485110127,0.06051236997910023,0.35191517376597614,0.777350240691265
0.1,0.10526315789473684,1.3894736842105264,intermediate,closed,bistable,0.42466265740132014,1.0,0.8226833443260249,0.05672327138351583,0.3558314422144228,0.7778538238165271
0.1,0.10526315789473684,1.4578947368421054,intermediate,closed,bistable,0.445074203828867,1.0,0.8138733319031812,0.054215010060401615,0.36003685551377573,0.7782269512113327
0.1,0.10526315789473684,1.5263157894736843,intermediate,closed,bistable,0.46593067122608317,1.0,0.8047313142686715,0.05230270576807495,0.36456739743706773,0.7784724934729425
0.1,0.10526315789473684,1.5947368421052632,intermediate,closed,bistable,0.4872571577319984,1.0,0.7952281701424124,0.05094346158944611,0.3694488165344891,0.7786448527352029
0.1,0.10526315789473684,1.6631578947368422,intermediate,closed,bistable,0.5091351663893223,1.0,0.7853002054745005,0.04997826971034272,0.37473022498080005,0.7787658885047475
0.1,0.10526315789473684,1.731578947368421,intermediate,closed,bistable,0.5357322202837438,1.0,0.7729640121430942,0.049293324865768304,0.3812777476984227,0.7788508829108615
0.1,0.10526315789473684,1.8,closed,closed,closed,1.0,1.0,0.4033304552085717,0.048807449520392995,0.5920269162031977,0.7789105736647086
0.1,0.11789473684210526,0.5,open,open,open,0.15196481095447478,0.16704365466882481,0.9142680458608595,0.8992992596017413,0.32308054737129627,0.3239479769508145
0.1,0.11789473684210526,0.5684210526315789,open,open,open,0.1661116960371747,0.18064490302025152,0.907608486820794,0.893611597844267,0.3234595378540228,0.3253105516302346
0.1,0.11789473684210526,0.6368421052631579,open,open,open,0.18058140000400766,0.19480244276732525,0.9007706169118374,0.8875383512358074,0.324372943507841,0.32684023343770635
0.1,0.11789473684210526,0.7052631578947368,open,intermediate,bistable,0.1954773214438696,0.20948461708007504,0.8937228885301368,0.881091218516786,0.3256557252071321,0.3285471646631339
0.1,0.11789473684210526,0.7736842105263158,intermediate,closed,bistable,0.21076735304800517,1.0,0.8864859884961539,0.24043816852686786,0.32724460729198435,0.7381245642834967
0.1,0.11789473684210526,0.8421052631578947,intermediate,closed,bistable,0.22650492174663006,1.0,0.8790328190017255,0.18133897428609935,0.3290837519503245,0.755099749147261
0.1,0.11789473684210526,0.9105263157894737,intermediate,closed,bistable,0.2426243059621887,1.0,0.8713949319318338,0.14378839163277982,0.3311605761976257,0.7633831558521453
0.1,0.11789473684210526,0.9789473684210527,intermediate,closed,bistable,0.2591881696278419,1.0,0.863533118243883,0.11697841611804238,0.3334643550106606,0.7684225486483313
0.1,0.11789473684210526,1.0473684210526315,intermediate,closed,bistable,0.2761833586143232,1.0,0.8554472503822992,0.09741237507045794,0.3360002768388021,0.7717962499863864
0.1,0.11789473684210526,1.1157894736842104,intermediate,closed,bistable,0.2935600436368284,1.0,0.8471597334472983,0.08329993848204491,0.33876752904989693,0.7739941064655902
0.1,0.11789473684210526,1.1842105263157894,intermediate,closed,bistable,0.31139966815113834,1.0,0.8386144906950165,0.07309205909121416,0.34178721158437303,0.7755347314199568
0.1,0.11789473684210526,1.2526315789473683,intermediate,closed,bistable,0.3296628064494644,1.0,0.8298273637920038,0.06580744248027848,0.34506421911809165,0.7766125121299088
0.1,0.11789473684210526,1.3210526315789475,intermediate,closed,bistable,0.3483562441548841,1.0,0.8207868194983224,0.06051339530439305,0.34861068770143666,0.7773357705618004
0.1,0.11789473684210526,1.3894736842105264,intermediate,closed,bistable,0.3675368840384889,1.0,0.8114487951342356,0.05672378414364552,0.35245519742424497,0.7778444721639705
0.1,0.11789473684210526,1.4578947368421054,intermediate,closed,bistable,0.3871762220020779,1.0,0.80182350686235,0.054020121957629515,0.35660319784147787,0.7782018616904814
0.1,0.11789473684210526,1.5263157894736843,intermediate,closed,bistable,0.4073421481221603,1.0,0.7918583856159293,0.05230282732288951,0.3610911522403412,0.7784686994816166
0.1,0.11789473684210526,1.5947368421052632,intermediate,closed,bistable,0.4280623729018096,1.0,0.7815258566091999,0.05094352100337729,0.3659456938556113,0.7786424375283407
0.1,0.11789473684210526,1.6631578947368422,intermediate,closed,bistable,0.4494212479892067,1.0,0.7707595331259505,0.04997829871521172,0.37121719077541454,0.7787643311776029
0.1,0.11789473684210526,1.731578947368421,intermediate,closed,bistable,0.4715931377825118,1.0,0.75948347405499,0.049293338975719525,0.3769112815713236,0.7788498788292125
0.1,0.11789473684210526,1.8,intermediate,closed,bistable,0.509282970422066,1.0,0.7396112989584456,0.048807456364099965,0.38706819024081607,0.778909926294206
0.1,0.13052631578947368,0.5,open,open,open,0.11781876459093665,0.13389347138173371,0.9132744276886227,0.8956441711035882,0.3231044903703917,0.32230560207508313
0.1,0.13052631578947368,0.5684210526315789,open,open,open,0.13079700250545123,0.14564879102866343,0.9056714856808619,0.8893263828514185,0.32270317812959465,0.32353125924181897
0.1,0.13052631578947368,0.6368421052631579,open,open,open,0.14363905780453412,0.1579732180010032,0.8981114187753688,0.8826616624843173,0.32309846996253855,0.3249105327388872
0.1,0.13052631578947368,0.7052631578947368,open,open,open,0.1568736762338954,0.17093679535264392,0.8903466378729038,0.8755396590702139,0.32399537315934396,0.3264743015784219
0.1,0.13052631578947368,0.7736842105263158,open,open,open,0.17052780029458997,0.18437426307122134,0.8823786499988246,0.8681129974364091,0.3252854246614634,0.32820657637155026
0.1,0.13052631578947368,0.8421052631578947,open,closed,bistable,0.18466208391484001,1.0,0.8741770608285462,0.1882989426149147,0.326876081248293,0.7514717176917771
0.1,0.13052631578947368,0.9105263157894737,open,closed,bistable,0.19929419989508965,1.0,0.8657312447576403,0.14566805107238814,0.32873271067168275,0.7621583323103844
0.1,0.13052631578947368,0.9789473684210527,intermediate,closed,bistable,0.21440489795978496,1.0,0.8570527545622506,0.11741992462248112,0.3308440343722126,0.7679667899876728
0.1,0.13052631578947368,1.0473684210526315,intermediate,closed,bistable,0.22997983876005,1.0,0.8481495151210605,0.09759218112437267,0.33320334351284736,0.7714915396844954
0.1,0.13052631578947368,1.1157894736842104,intermediate,closed,bistable,0.2460507800777495,1.0,0.8389954149097725,0.08330172680199588,0.3358142769210009,0.7738511562035498
0.1,0.13052631578947368,1.1842105263157894,intermediate,closed,bistable,0.2626140881167597,1.0,0.8295889869021756,0.0730975850745188,0.33868518389060015,0.7754865530766748
0.1,0.13052631578947368,1.2526315789473683,intermediate,closed,bistable,0.2796712196010558,1.0,0.8199254739597951,0.06568984888007912,0.34182621399545154,0.7765442889227719
0.1,0.13052631578947368,1.3210526315789475,intermediate,closed,bistable,0.29722846890054727,1.0,0.8099969406502654,0.06051477722827199,0.34524956641135895,0.777316316788241
0.1,0.13052631578947368,1.3894736842105264,intermediate,closed,bistable,0.3153420337490932,1.0,0.7997572079324369,0.05672447511424722,0.3489836420106718,0.7778318913388567
0.1,0.13052631578947368,1.4578947368421054,intermediate,closed,bistable,0.3339847846807191,1.0,0.7892247170893367,0.05402046467687786,0.35303475264924444,0.7781937337246471
0.1,0.13052631578947368,1.5263157894736843,intermediate,closed,bistable,0.3532251993315166,1.0,0.7783442460738358,0.05209567329181212,0.3574396472672258,0.7784475376973993
0.1,0.13052631578947368,1.5947368421052632,intermediate,closed,bistable,0.37314275121736334,1.0,0.7670519430411045,0.050943601046770946,0.36224476988771614,0.7786391852011971
0.1,0.13052631578947368,1.6631578947368422,intermediate,closed,bistable,0.39367513607675764,1.0,0.7553952096575125,0.049978337790227215,0.36744458396985497,0.77876223379129
0.1,0.13052631578947368,1.731578947368421,intermediate,closed,bistable,0.41496433240258823,1.0,0.7432617916552123,0.04929335798424613,0.3731137017690066,0.7788485264240522
0.1,0.13052631578947368,1.8,intermediate,closed,bistable,0.43917682993642926,1.0,0.729386581017444,0.048807465583682326,0.37969309324683675,0.778909054293447
0.1,0.1431578947368421,0.5,open,open,open,0.055751223448871165,0.10681529511323949,0.9256912297815112,0.8921527312563499,0.17221528766196112,0.32089006897744404
0.1,0.1431578947368421,0.5684210526315789,open,open,open,0.06214736108614423,0.11675935686947268,0.9236462477082182,0.8851715803585638,0.1880694922123929,0.3219716169644754
0.1,0.1431578947368421,0.6368421052631579,open,open,open,0.11245089817447969,0.1273013918156471,0.8961975977100082,0.8778310446164443,0.3225068476940491,0.3232009215855979
0.1,0.1431578947368421,0.7052631578947368,open,open,open,0.12416697081478531,0.13846270266817517,0.887562836609211,0.8700662668255424,0.3228296550218514,0.3245976006315242
0.1,0.1431578947368421,0.7736842105263158,open,open,open,0.1362369145591877,0.15020705006703225,0.8787566829377893,0.8618937185279933,0.32369036876372725,0.32617192946783996
0.1,0.1431578947368421,0.8421052631578947,open,open,open,0.14879012741165742,0.16255766097467955,0.8697007849295222,0.8532639337272705,0.3249433068225408,0.3279479027104951
0.1,0.1431578947368421,0.9105263157894737,open,closed,bistable,0.16181296569013412,1.0,0.8604197214897673,0.14907726724829903,0.3265314140871442,0.7600731866387539
0.1,0.1431578947368421,0.9789473684210527,open,closed,bistable,0.17537278224008165,1.0,0.8508643181611811,0.11849182649277756,0.32840110976067444,0.7670581280332598
0.1,0.1431578947368421,1.0473684210526315,open,closed,bistable,0.1894564566664051,1.0,0.8410496485678508,0.09778473797897178,0.3305425842018681,0.7711386521884924
0.1,0.1431578947368421,1.1157894736842104,intermediate,closed,bistable,0.20409608659503578,1.0,0.8309495591672552,0.08330883041705245,0.33295425808523393,0.7736791627370544
0.1,0.1431578947368421,1.1842105263157894,intermediate,closed,bistable,0.21924653414737033,1.0,0.820607089022646,0.0730317212972668,0.33563681208980434,0.7753710640125673
0.1,0.1431578947368421,1.2526315789473683,intermediate,closed,bistable,0.234949589791884,1.0,0.8099868421563068,0.06569366164297728,0.33860122095362694,0.7765024604250216
0.1,0.1431578947368421,1.3210526315789475,intermediate,closed,bistable,0.25125469994828387,1.0,0.7990456083747897,0.06036326977077925,0.3418711286990828,0.7772614321338925
0.1,0.1431578947368421,1.3894736842105264,intermediate,closed,bistable,0.2680872111748843,1.0,0.7878569872051969,0.056725406319630745,0.3454401844381598,0.7778149742629255
0.1,0.1431578947368421,1.4578947368421054,intermediate,closed,bistable,0.2855971503299728,1.0,0.7762858886707334,0.05402092648387981,0.3493654369343874,0.7781827976680658
0.1,0.1431578947368421,1.5263157894736843,intermediate,closed,bistable,0.3037195787707635,1.0,0.7643997641934981,0.05209590087037377,0.3536431339002436,0.7784404741444175
0.1,0.1431578947368421,1.5947368421052632,intermediate,closed,bistable,0.3225303628638032,1.0,0.7521358846133108,0.05094370985322651,0.3583148656996486,0.7786346454611303
0.1,0.1431578947368421,1.6631578947368422,intermediate,closed,bistable,0.3420669793533158,1.0,0.7394692590622122,0.049978390432119955,0.3634121059038078,0.7787594093256721
0.1,0.1431578947368421,1.731578947368421,intermediate,closed,bistable,0.36242594661966615,1.0,0.7263227074163761,0.04929338359213169,0.3689932121227318,0.7788467049731812
0.1,0.1431578947368421,1.8,intermediate,closed,bistable,0.38366766685571124,1.0,0.7126566694585647,0.048807478003990476,0.3751039083815959,0.7789078797671793
0.1,0.15578947368421053,0.5,open,open,open,0.0353866182874597,0.0849178840378917,0.919764380198068,0.8890313954451041,0.12838434533729678,0.3196766596608825
0.1,0.15578947368421053,0.5684210526315789,open,open,open,0.037658855563127695,0.0931583106327517,0.919328729519763,0.8813552526662353,0.1325149922268203,0.3206132526520779
0.1,0.15578947368421053,0.6368421052631579,open,open,open,0.04045762790468607,0.10204121799350023,0.9187537335492603,0.8732340160710457,0.13808224976662076,0.3216979557774506
0.1,0.15578947368421053,0.7052631578947368,open,open,open,0.04387761286471842,0.11149124084801619,0.9178231426810977,0.8647443422804573,0.1452178849828022,0.3229311766474166
0.1,0.15578947368421053,0.7736842105263158,open,open,open,0.04860208925338986,0.121559573098937,0.9163147810926846,0.8557900230635866,0.15627259443096742,0.32433809115803036
0.1,0.15578947368421053,0.8421052631578947,open,open,open,0.11830284746820445,0.1322104995144557,0.8659207312159358,0.8463999915862854,0.3234068429407543,0.3259293486548636
0.1,0.15578947368421053,0.9105263157894737,open,closed,bistable,0.12977510746734222,1.0,0.8556859575769292,0.1563699718634299,0.3246302609589352,0.7560163944195673
0.1,0.15578947368421053,0.9789473684210527,open,closed,bistable,0.14173839734354332,1.0,0.8452101666756733,0.12003152099506528,0.3262040011678034,0.7657796202468816
0.1,0.15578947368421053,1.0473684210526315,open,closed,bistable,0.15430822685484585,1.0,0.8343839626442936,0.09816213602070041,0.328071981140647,0.7705425817805893
0.1,0.15578947368421053,1.1157894736842104,open,closed,bistable,0.16739653609500604,1.0,0.8233163204280631,0.0833166024387039,0.3302367820292293,0.7734021304935269
0.1,0.15578947368421053,1.1842105263157894,open,closed,bistable,0.18108216924323298,1.0,0.8119317039365138,0.07296977523874892,0.3326904819854405,0.7752313673937354
0.1,0.15578947368421053,1.2526315789473683,open,closed,bistable,0.1953671392299374,1.0,0.8002388815526077,0.06557952563599441,0.33544253102631627,0.7764087995736096
0.1,0.15578947368421053,1.3210526315789475,intermediate,closed,bistable,0.2102156559869035,1.0,0.7882909463591588,0.060365865554724896,0.3384939366864343,0.7772250073036077
0.1,0.15578947368421053,1.3894736842105264,intermediate,closed,bistable,0.2257239821090171,1.0,0.7759920220745786,0.056726661432263126,0.34187632983815797,0.7777922406988533
0.1,0.15578947368421053,1.4578947368421054,intermediate,closed,bistable,0.24191218566099199,1.0,0.7633350633745841,0.05402154880702955,0.34561340713970723,0.7781680896264244
0.1,0.15578947368421053,1.5263157894736843,intermediate,closed,bistable,0.2587601520083218,1.0,0.7503610719701693,0.05209620751398838,0.34971359014619907,0.7784309690764479
0.1,0.15578947368421053,1.5947368421052632,intermediate,closed,bistable,0.2763440237633623,1.0,0.7370050316872395,0.050727813724614206,0.35421820322237757,0.7786148195454646
0.1,0.15578947368421053,1.6631578947368422,intermediate,closed,bistable,0.2947028293561267,1.0,0.723247687894462,0.04997846169781288,0.3591590875808729,0.7787555342575293
0.1,0.15578947368421053,1.731578947368421,intermediate,closed,bistable,0.313882492242417,1.0,0.7090657183544987,0.04929341809077884,0.3645720450786623,0.7788442520069824
0.1,0.15578947368421053,1.8,intermediate,closed,bistable,0.3340444806920849,1.0,0.6943176301375021,0.04880749473627313,0.37054801850020347,0.7789062978481235
0.1,0.16842105263157894,0.5,open,open,open,0.026798519345952544,0.06752580324086556,0.9157193893978051,0.8861762539410106,0.11558153377793717,0.31867151130828636
0.1,0.16842105263157894,0.5684210526315789,open,open,open,0.027774182385079817,0.07422640237444213,0.9150784504695336,0.8777903524967657,0.11671031416756138,0.3194697983056829
0.1,0.16842105263157894,0.6368421052631579,open,open,open,0.02887813360321422,0.08152809391106952,0.9144200105829454,0.8689362388945684,0.11814231536184824,0.3204031618979721
0.1,0.16842105263157894,0.7052631578947368,open,open,open,0.030013456682655225,0.08936918217612239,0.9135557751867961,0.8596973367013228,0.11930545420631158,0.32147341667602275
0.1,0.16842105263157894,0.7736842105263158,open,open,open,0.03123265668576361,0.09784878248301586,0.9125796283926535,0.8499128958032439,0.12048250210744442,0.3227124676149825
0.1,0.16842105263157894,0.8421052631578947,open,open,open,0.032678020395776344,0.106913401928607,0.9115978394115577,0.8396550463405227,0.1222693772007332,0.3241267554281863
0.1,0.16842105263157894,0.9105263157894737,open,open,open,0.03424025921819746,0.11660342067798746,0.9104501991738284,0.8288676364008533,0.12408395770102917,0.32574244957879506
0.1,0.16842105263157894,0.9789473684210527,open,closed,bistable,0.03600785302361064,1.0,0.9091600391591994,0.12294661192078714,0.12623318402964018,0.7635992874165518
0.1,0.16842105263157894,1.0473684210526315,open,closed,bistable,0.038273720613911356,1.0,0.9077195553822206,0.09866321739644875,0.1296750730643782,0.7697552475619229
0.1,0.16842105263157894,1.1157894736842104,open,closed,bistable,0.04143151643069699,1.0,0.9058922164156167,0.08333338883180301,0.1354765728164329,0.7730048618398396
0.1,0.16842105263157894,1.1842105263157894,open,closed,bistable,0.14781303488407713,1.0,0.8038990515341831,0.07284239330934167,0.3299076117995801,0.7750103660304642
0.1,0.16842105263157894,1.2526315789473683,open,closed,bistable,0.16061260820081258,1.0,0.791064799376525,0.06546839977085413,0.33239409362046457,0.7762947175636392
0.1,0.16842105263157894,1.3210526315789475,open,closed,bistable,0.17400893903153122,1.0,0.7779546306724777,0.060217052263279364,0.3351980147791807,0.7771484773975554
0.1,0.16842105263157894,1.3894736842105264,open,closed,bistable,0.18805562759077288,1.0,0.7645210012850261,0.05655133980087874,0.33833385396163246,0.7777385540929527
0.1,0.16842105263157894,1.4578947368421054,intermediate,closed,bistable,0.2027700879627818,1.0,0.7507690233535297,0.05402238752083456,0.3418174224481195,0.7781483198658474
0.1,0.16842105263157894,1.5263157894736843,intermediate,closed,bistable,0.21822082199079798,1.0,0.7366371422865537,0.052096620717410516,0.34568397685688035,0.7784181834912056
0.1,0.16842105263157894,1.5947368421052632,intermediate,closed,bistable,0.23444076783567533,1.0,0.7221182641617737,0.05072801628195705,0.3499624878645605,0.7786065588433673
0.1,0.16842105263157894,1.6631578947368422,intermediate,closed,bistable,0.25146980116757844,1.0,0.7072011473363757,0.049756261280476964,0.35468485730410215,0.7787380836019357
0.1,0.16842105263157894,1.731578947368421,intermediate,closed,bistable,0.26940646486785247,1.0,0.6918050113643417,0.04929346456739182,0.3599102872684242,0.7788409489467237
0.1,0.16842105263157894,1.8,intermediate,closed,bistable,0.2882586713390327,1.0,0.6759741167003713,0.048807517277640995,0.3656597024812333,0.7789041673899872
0.1,0.18105263157894735,0.5,open,open,open,0.022539529745994744,0.05378748168226119,0.9146943437306606,0.883784796800008,0.11310129304818303,0.3178388643897762
0.1,0.18105263157894735,0.5684210526315789,open,open,open,0.02309852305592168,0.05920462326256852,0.91371234610456,0.874585325462202,0.11310453051048973,0.31851915104876183
0.1,0.18105263157894735,0.6368421052631579,open,open,open,0.02373394766203901,0.0650478506041363,0.912893044242641,0.86506997180944,0.1136471662967374,0.31930183809142604
0.1,0.18105263157894735,0.7052631578947368,open,open,open,0.024442556572258228,0.07148720288480251,0.9120936765786679,0.8549678639884284,0.11446917734742924,0.32022603279485984
0.1,0.18105263157894735,0.7736842105263158,open,open,open,0.025172765683502542,0.07847279618692536,0.9111250426800513,0.8443717464864297,0.11502468062751016,0.3212956800057725
0.1,0.18105263157894735,0.8421052631578947,open,open,open,0.025989600828371616,0.08604162340711088,0.9101522794528997,0.8332308945928554,0.1158645545632198,0.32253167722412873
0.1,0.18105263157894735,0.9105263157894737,open,open,open,0.026867011906380075,0.09417925183199452,0.909083478221675,0.8215815160706306,0.11671417023807343,0.3239472540502365
0.1,0.18105263157894735,0.9789473684210527,open,closed,bistable,0.027760625057353376,0.9980670458009349,0.9078671474818941,0.13350967561494298,0.11728750350744688,0.7577643794680224
0.1,0.18105263157894735,1.0473684210526315,open,closed,bistable,0.02876349530810506,1.0,0.9066079895132683,0.0996856491596654,0.11815237391128974,0.7684081036947633
0.1,0.18105263157894735,1.1157894736842104,open,closed,bistable,0.02983646842277565,1.0,0.9052437488777527,0.08337222476897778,0.11902578777327637,0.7724601754766686
0.1,0.18105263157894735,1.1842105263157894,open,closed,bistable,0.030983074431333697,1.0,0.9037712621647634,0.07265699023029314,0.11990744461871602,0.7746982339750447
0.1,0.18105263157894735,1.2526315789473683,open,closed,bistable,0.032206981573201766,1.0,0.9021873569325348,0.06536116774465624,0.12079710853565713,0.7761510957808874
0.1,0.18105263157894735,1.3210526315789475,open,closed,bistable,0.033588330759144074,1.0,0.9004793024000256,0.06022193236267623,0.12199268224761176,0.7770806901366687
0.1,0.18105263157894735,1.3894736842105264,open,closed,bistable,0.0350683230119267,1.0,0.8986274837682869,0.05655369801911131,0.12320126961012905,0.7776960284597113
0.1,0.18105263157894735,1.4578947368421054,open,closed,bistable,0.03674291693639679,1.0,0.8965899587910537,0.053829504952774845,0.12472736061190397,0.7781036202926056
0.1,0.18105263157894735,1.5263157894736843,open,closed,bistable,0.03874082549536611,1.0,0.89426243755259,0.05209717755525567,0.12689116296943712,0.7784009940146828
0.1,0.18105263157894735,1.5947368421052632,open,closed,bistable,0.196834514442675,1.0,0.7077493233476113,0.05072828921534671,0.34565625515771836,0.7785954454349799
0.1,0.18105263157894735,1.6631578947368422,intermediate,closed,bistable,0.21241879562185612,1.0,0.6916132653212915,0.04975639451765377,0.3500999973944229,0.7787309045583899
0.1,0.18105263157894735,1.731578947368421,intermediate,closed,bistable,0.228879008433542,1.0,0.6750773486293858,0.0490667496473217,0.3550265456444683,0.7788253153912598
0.1,0.18105263157894735,1.8,intermediate,closed,bistable,0.24627082802670514,1.0,0.6581329030329768,0.04880754764508996,0.36047523894363165,0.7789012984752388
0.1,0.1936842105263158,0.5,open,open,open,0.01963258556486874,0.04312499067185657,0.9146743740451592,0.8817000596891654,0.11308995652833069,0.31717256474374894
0.1,0.1936842105263158,0.5684210526315789,open,open,open,0.020054033748391854,0.047373138142851774,0.9136876851938266,0.8718608870714402,0.11309252976458037,0.31773495364340687
0.1,0.1936842105263158,0.6368421052631579,open,open,open,0.020496049360215814,0.05206927050244496,0.9126650300200626,0.8614901396906821,0.11309525682574835,0.31839959916532967
0.1,0.1936842105263158,0.7052631578947368,open,open,open,0.02095958481776442,0.05724570339495631,0.9116054301837813,0.8505732027639317,0.11309814751756632,0.31918281371825924
0.1,0.1936842105263158,0.7736842105263158,open,open,open,0.021445627999198597,0.06287695745503502,0.9105079176626976,0.8391889191693941,0.11310121226262236,0.3200900042203755
0.1,0.1936842105263158,0.8421052631578947,open,open,open,0.021967242100403878,0.06909344529069504,0.9094471952287532,0.8271352244536543,0.11337337626039264,0.32115665154591466
0.1,0.1936842105263158,0.9105263157894737,open,open,open,0.022536308307483856,0.07580131184975089,0.9083953120994966,0.8146154495553803,0.11391861741880564,0.32237828987219963
0.1,0.1936842105263158,0.9789473684210527,open,open,open,0.02314622447743648,0.08317487967367086,0.9072654394730282,0.8013598856851285,0.1144691179654744,0.3238083202895024
0.1,0.1936842105263158,1.0473684210526315,open,closed,bistable,0.02379904829989646,1.0,0.9060551431548401,0.10215923358719929,0.11502463649698837,0.7659310194566085
0.1,0.1936842105263158,1.1157894736842104,open,closed,bistable,0.024468966947686393,1.0,0.9047271275334158,0.0834642315713755,0.11530644742106506,0.7715653838098846
0.1,0.1936842105263158,1.1842105263157894,open,closed,bistable,0.025209698100444874,1.0,0.90335955523139,0.07248983860738165,0.11586928936099791,0.7743133180761738
0.1,0.1936842105263158,1.2526315789473683,open,closed,bistable,0.025999829133234873,1.0,0.9019045258212874,0.0651437458914816,0.11643669723367042,0.7759319956178351
0.1,0.1936842105263158,1.3210526315789475,open,closed,bistable,0.026841751283378287,1.0,0.9003596248739908,0.05992718044744578,0.117008532408785,0.7769353996443596
0.1,0.1936842105263158,1.3894736842105264,open,closed,bistable,0.02773793839735291,1.0,0.8987224688267181,0.05638098508531201,0.1175846793194405,0.7776164121020707
0.1,0.1936842105263158,1.4578947368421054,open,closed,bistable,0.02869094405329336,1.0,0.8969907184753068,0.05383108043629161,0.11816504339421718,0.7780665938375412
0.1,0.1936842105263158,1.5263157894736843,open,closed,bistable,0.02970339778290704,1.0,0.8951620933522321,0.05209792803133615,0.11874954925897323,0.7783778996591325
0.1,0.1936842105263158,1.5947368421052632,open,closed,bistable,0.03084165582746618,1.0,0.8931859441003882,0.050728657000181976,0.11962997514761754,0.7785805011093401
0.1,0.1936842105263158,1.6631578947368422,open,closed,bistable,0.03198728845848722,1.0,0.8911437424992915,0.04975657403906724,0.12022430107434888,0.7787212450317479
0.1,0.1936842105263158,1.731578947368421,open,closed,bistable,0.0332009555690887,1.0,0.888997958422559,0.04906683698136897,0.12082261074626649,0.7788190763026668
0.1,0.1936842105263158,1.8,open,closed,bistable,0.03456878751357209,1.0,0.8866562282088523,0.0488075888435678,0.12172248516397521,0.7788973393847413
0.1,0.20631578947368423,0.5,open,open,open,0.01745187131452117,0.034875967281561115,0.9146592872291707,0.8800176855746802,0.11308145244967308,0.3166397631781914
0.1,0.20631578947368423,0.5684210526315789,open,open,open,0.01776838652087641,0.03817784774256977,0.9136690321318891,0.8695452029931227,0.11308352025732336,0.3171037582019456
0.1,0.20631578947368423,0.6368421052631579,open,open,open,0.018100618221998255,0.041890320771279306,0.912642307932436,0.858391736788994,0.11308571003940097,0.31766025163531636
0.1,0.20631578947368423,0.7052631578947368,open,open,open,0.018449326620684877,0.04596332074586534,0.9115780787959176,0.8467232789788467,0.11308802958158214,0.3183120851230568
0.1,0.20631578947368423,0.7736842105263158,open,open,open,0.018815304292841256,0.05051576665836416,0.9104753137745013,0.834364528032651,0.11309048717557416,0.31908844521369406
0.1,0.20631578947368423,0.8421052631578947,open,open,open,0.019199376861154895,0.05550157904438422,0.9093329912389422,0.8214654664335371,0.11309309164773725,0.31999102360053394
0.1,0.20631578947368423,0.9105263157894737,open,open,open,0.019602403569417066,0.06097495949826636,0.9081501037532573,0.8079815495831189,0.11309585238829117,0.3210405587916753
0.1,0.20631578947368423,0.9789473684210527,open,open,open,0.020025277736719513,0.06699332765850569,0.9069256634041234,0.7938596098693517,0.1130987793809102,0.3222629742692921
0.1,0.20631578947368423,1.0473684210526315,open,open,open,0.020469947342945213,0.07352647352832012,0.90570799664697,0.77923106312986,0.11337076792993035,0.3236657620520558
0.1,0.20631578947368423,1.1157894736842104,open,closed,bistable,0.020942529395609213,1.0,0.9044278763460627,0.08373199529568728,0.11364430608431055,0.7701490197973755
0.1,0.20631578947368423,1.1842105263157894,open,closed,bistable,0.021444394645503264,1.0,0.9030835871535622,0.07216278078523795,0.11391937263497137,0.7737042538516254
0.1,0.20631578947368423,1.2526315789473683,open,closed,bistable,0.0219769659829528,1.0,0.9016734390998852,0.06482406707333727,0.11419594997524458,0.7756219617458816
0.1,0.20631578947368423,1.3210526315789475,open,closed,bistable,0.02255654108639646,1.0,0.9002027987174254,0.05978755561700548,0.11474919451980137,0.7767800299323516
0.1,0.20631578947368423,1.3894736842105264,open,closed,bistable,0.02315876294193251,1.0,0.8986448919390572,0.056210601661018836,0.11502992449508881,0.7775159685851584
0.1,0.20631578947368423,1.4578947368421054,open,closed,bistable,0.0238191859804799,1.0,0.8969995558715399,0.05364031418650443,0.11559066850340821,0.7779998048331083
0.1,0.20631578947368423,1.5263157894736843,open,closed,bistable,0.024525147739992936,1.0,0.8952572451447228,0.05189278668239707,0.11615608026065903,0.7783311698452213
0.1,0.20631578947368423,1.5947368421052632,open,closed,bistable,0.02524719035650459,1.0,0.8934576823172792,0.050729152640283326,0.11644329297827204,0.778560417770662
0.1,0.20631578947368423,1.6631578947368422,open,closed,bistable,0.02604625396212617,1.0,0.8915274936936921,0.04975681593589483,0.11701565895660399,0.7787082533934987
0.1,0.20631578947368423,1.731578947368421,open,closed,bistable,0.026856411808386736,1.0,0.8895619947166431,0.04906695464967218,0.11730672469666234,0.7788106804698375
0.1,0.20631578947368423,1.8,open,closed,bistable,0.027757275611616703,1.0,0.8874360981703999,0.04857765634243738,0.11788585231514938,0.7788817055649172
0.1,0.2189473684210526,0.5,open,open,open,0.015820288917767614,0.02857000782020248,0.9146479394965639,0.8786380634063203,0.113075089986952,0.3162230099218068
0.1,0.2189473684210526,0.5684210526315789,open,open,open,0.016057300388602244,0.031136201253688333,0.9136549893826865,0.8675358363070241,0.11307677558896344,0.31660888277228694
0.1,0.2189473684210526,0.6368421052631579,open,open,open,0.01630623378380327,0.03402433042327416,0.9126251854818326,0.8556878770878753,0.1130785585370708,0.3170704414162804
0.1,0.2189473684210526,0.7052631578947368,open,open,open,0.01656768436295972,0.037211625918320466,0.9115574468843644,0.8432329260835378,0.11308044498004226,0.31761365037470296
0.1,0.2189473684210526,0.7736842105263158,open,open,open,0.01684227507266262,0.040759444506561854,0.91045069308259,0.8301220971635411,0.11308244147168847,0.3182567672591856
0.1,0.2189473684210526,0.8421052631578947,open,open,open,0.01713065745985449,0.0446995367201429,0.9093038480587119,0.8163691213275207,0.11308455499556652,0.31901335254266644
0.1,0.2189473684210526,0.9105263157894737,open,open,open,0.017433512553816005,0.049082716968998866,0.9081158448073627,0.801953768009955,0.11308679299059438,0.3199018627580513
0.1,0.2189473684210526,0.9789473684210527,open,open,open,0.017751551704667443,0.053922918584530806,0.9068856303080302,0.7869361426344171,0.11308916337748695,0.3209363184339631
0.1,0.2189473684210526,1.0473684210526315,open,open,open,0.01808551736447658,0.05930114495308212,0.9056121709585421,0.7712199792226345,0.11309167458590207,0.32214864815329114
0.1,0.2189473684210526,1.1157894736842104,open,closed,bistable,0.018436183795111055,0.996401238876701,0.9042944584756399,0.08490768861497897,0.11309433558214975,0.7672223617604033
0.1,0.2189473684210526,1.1842105263157894,open,closed,bistable,0.018804357684856693,1.0,0.9029315162624181,0.07162382324235841,0.11309715589728515,0.7727760233527304
0.1,0.2189473684210526,1.2526315789473683,open,closed,bistable,0.019190878653550028,1.0,0.9015224062349424,0.06430608013106999,0.11310014565536294,0.775169611354889
0.1,0.2189473684210526,1.3210526315789475,open,closed,bistable,0.019590729868013232,1.0,0.9000762695494788,0.05935967104827516,0.1133722022957239,0.7765283893082274
0.1,0.2189473684210526,1.3894736842105264,open,closed,bistable,0.0200162964452542,1.0,0.8985606795629265,0.05587031642752067,0.11364581268530069,0.7773679126785028
0.1,0.2189473684210526,1.4578947368421054,open,closed,bistable,0.02046885689520299,1.0,0.8969739329805,0.053451475140295836,0.11392095587508727,0.7779153185528664
0.1,0.2189473684210526,1.5263157894736843,open,closed,bistable,0.020949739743504954,1.0,0.8953143751027329,0.051894196900779295,0.11419761452579731,0.7782879620696476
0.1,0.2189473684210526,1.5947368421052632,open,closed,bistable,0.02146722749026494,1.0,0.8935426004590664,0.05051493816195642,0.11475095051424676,0.7785205346789283
0.1,0.2189473684210526,1.6631578947368422,open,closed,bistable,0.022012407403935796,1.0,0.8917200954785685,0.04975714190234927,0.11503177289310226,0.7786907899740233
0.1,0.2189473684210526,1.731578947368421,open,closed,bistable,0.022590339176230986,1.0,0.8898198518584853,0.04906711319516973,0.11531405399134548,0.77879938658267
0.1,0.2189473684210526,1.8,open,closed,bistable,0.023202552403247992,1.0,0.8878405104775344,0.04857773324251063,0.11559779231889748,0.7788744078759996
0.1,0.23157894736842105,0.5,open,open,open,0.014601995143337628,0.023822225130747214,0.9146394325195415,0.877445918948852,0.11307033927920385,0.3159054444568431
0.1,0.23157894736842105,0.5684210526315789,open,open,open,0.014779081083478569,0.025733661666817818,0.9136444549052503,0.8659325307834723,0.11307173721001987,0.31621834770163354
0.1,0.23157894736842105,0.6368421052631579,open,open,open,0.014965160896504482,0.02794189252138341,0.9126123314059944,0.853495997681459,0.11307321364133738,0.3165981599854382
0.1,0.23157894736842105,0.7052631578947368,open,open,open,0.015160694209117696,0.03039978213092407,0.9115419462628364,0.8403348936604204,0.11307477342633941,0.317047201576103
0.1,0.23157894736842105,0.7736842105263158,open,open,open,0.015366163357370894,0.03317440505998131,0.9104321805192306,0.8263879904624898,0.11307642173689247,0.3175846035354026
0.1,0.23157894736842105,0.8421052631578947,open,open,open,0.015582074320524558,0.036300434127697526,0.9092819158054207,0.8116659327975254,0.11307816408378554,0.31822497909758424
0.1,0.23157894736842105,0.9105263157894737,open,open,open,0.015808957660400913,0.039729282015762986,0.9080900385431859,0.7964075716673238,0.11308000633792512,0.3189656300014552
0.1,0.23157894736842105,0.9789473684210527,open,open,open,0.016047369460056218,0.04360365218023724,0.906855444587888,0.7803872473774237,0.11308195475246301,0.31984316628293596
0.1,0.23157894736842105,1.0473684210526315,open,open,open,0.016297892254433528,0.047869153007443196,0.9055770443213437,0.7638549413081562,0.11308401598581994,0.3208566930249695
0.1,0.23157894736842105,1.1157894736842104,open,open,open,0.01656113594435553,0.05258019205844395,0.9042537682046068,0.7467771246919258,0.11308619712555278,0.3220298386946461
0.1,0.23157894736842105,1.1842105263157894,open,closed,bistable,0.01683773868375906,1.0,0.9028845727944104,0.07040431526515555,0.11308850571298817,0.7713674177903207
0.1,0.23157894736842105,1.2526315789473683,open,closed,bistable,0.01712836772845493,1.0,0.9014684472205312,0.06352159039194429,0.11309094976852493,0.7745183769863101
0.1,0.23157894736842105,1.3210526315789475,open,closed,bistable,0.017433720232908793,1.0,0.9000044201138414,0.058804871716172595,0.11309353781748056,0.7761862141830475
0.1,0.23157894736842105,1.3894736842105264,open,closed,bistable,0.01775452397958144,1.0,0.8984915669661263,0.05553695271509419,0.1130962789163257,0.777178003981297
0.1,0.23157894736842105,1.4578947368421054,open,closed,bistable,0.018091538023240507,1.0,0.8969290178930462,0.053264922823034626,0.11309918267911648,0.7778049463048122
0.1,0.23157894736842105,1.5263157894736843,open,closed,bistable,0.018431160280600555,1.0,0.8952926920489189,0.051691104166483745,0.11337112480807912,0.7782147802087946
0.1,0.23157894736842105,1.5947368421052632,open,closed,bistable,0.018793474209692452,1.0,0.8935813815529843,0.05051586939673018,0.11364460994868791,0.7784829110008054
0.1,0.23157894736842105,1.6631578947368422,open,closed,bistable,0.019188719777927996,1.0,0.8918417574166471,0.04975758121131469,0.11364812200354946,0.7786673288703069
0.1,0.23157894736842105,1.731578947368421,open,closed,bistable,0.019597099825039297,1.0,0.8899886050652449,0.049067326829727254,0.11392336974286267,0.778784201936185
0.1,0.23157894736842105,1.8,open,closed,bistable,0.020031650770960828,1.0,0.8880560241230203,0.048577836853267574,0.11420013763275869,0.7788645897246239
0.1,0.2442105263157895,0.5,open,open,open,0.013693663670202538,0.02016345603742961,0.9146330710854192,0.8766420868735372,0.11306679732627764,0.3156530971839355
0.1,0.2442105263157895,0.5684210526315789,open,open,open,0.013825756335348618,0.021639417409012582,0.9136365733080052,0.86462202795466,0.11306797949931421,0.3159170081462161
0.1,0.2442105263157895,0.6368421052631579,open,open,open,0.013964606063762557,0.02334524789253757,0.912602709117912,0.8515878326482359,0.11306922586411994,0.3162357315733108
0.1,0.2442105263157895,0.7052631578947368,open,open,open,0.014110564126133419,0.025211957313171388,0.9115303360913227,0.8378069560083761,0.11307054026573056,0.31660630945042256
0.1,0.2442105263157895,0.7736842105263158,open,open,open,0.01426399990078781,0.027376249922253036,0.9104183057770938,0.8230533947387435,0.11307192679700506,0.31705735614986
0.1,0.2442105263157895,0.8421052631578947,open,open,open,0.014425301720403138,0.029738689281571813,0.9092654672266407,0.8076727813570332,0.11307338981458352,0.31757998595781994
0.1,0.2442105263157895,0.9105263157894737,open,open,open,0.014594877741158554,0.03244836027755557,0.9080706709285624,0.7914174563209051,0.11307493395570396,0.31820678620671405
0.1,0.2442105263157895,0.9789473684210527,open,open,open,0.014773156831781549,0.03547009192891418,0.906832773165492,0.774531672088371,0.11307656415588647,0.318937853853942
0.1,0.2442105263157895,1.0473684210526315,open,open,open,0.014960589479271352,0.03884765304443297,0.9055506408075001,0.7570437441567969,0.11307828566749131,0.3197900010368655
0.1,0.2442105263157895,1.1157894736842104,open,open,open,0.015157648707302004,0.04263166863947307,0.9042231565525314,0.7389378185540859,0.11308010407914308,0.32078537827337944
0.1,0.2442105263157895,1.1842105263157894,open,closed,bistable,0.015364831002416814,0.9739335287675219,0.9028492246194604,0.06949651604022924,0.11308202533600965,0.7657741096066583
0.1,0.2442105263157895,1.2526315789473683,open,closed,bistable,0.01558265724210839,1.0,0.9014277768936074,0.06181903826784387,0.11308405576090608,0.7735681703733178
0.1,0.2442105263157895,1.3210526315789475,open,closed,bistable,0.01581167361772789,1.0,0.8999577795177698,0.05800183695774023,0.11308620207618533,0.7757025307224314
0.1,0.2442105263157895,1.3894736842105264,open,closed,bistable,0.016052452543867227,1.0,0.8984382399140406,0.05504426947850697,0.11308847142635722,0.7769115282562339
0.1,0.2442105263157895,1.4578947368421054,open,closed,bistable,0.016305593544403408,1.0,0.8968682142129988,0.05289262393789688,0.1130908714013604,0.777645733440879
0.1,0.2442105263157895,1.5263157894736843,open,closed,bistable,0.016571724103773375,1.0,0.895246815057202,0.05148989085994845,0.11309341006038934,0.7781203337155408
0.1,0.2442105263157895,1.5947368421052632,open,closed,bistable,0.016851500470256128,1.0,0.8935732197355685,0.05030339968402546,0.11309609595615383,0.7784204677688216
0.1,0.2442105263157895,1.6631578947368422,open,closed,bistable,0.01714560839607297,1.0,0.8918466785942495,0.04953705972630126,0.11309893815941854,0.7786237545725574
0.1,0.2442105263157895,1.731578947368421,open,closed,bistable,0.017454763796978537,1.0,0.8900665236582271,0.04906761471348294,0.11310194628363955,0.7787637998915022
0.1,0.2442105263157895,1.8,open,closed,bistable,0.01775994750267755,1.0,0.8881596932542181,0.04857797645837776,0.1133740041070566,0.7788513865708676
0.1,0.25684210526315787,0.5,open,open,open,0.0130171916974938,0.01746903724435031,0.9146283229752454,0.8758951950068914,0.11306415952473023,0.315467707293897
0.1,0.25684210526315787,0.5684210526315789,open,open,open,0.013115600654514462,0.018593430719131058,0.9136306883155524,0.86347800831958,0.11306518030198852,0.3156915707273655
0.1,0.25684210526315787,0.6368421052631579,open,open,open,0.013219070569923797,0.019841034492350237,0.9125955214641361,0.8500788424162392,0.11306625446975796,0.31595289679168403
0.1,0.25684210526315787,0.7052631578947368,open,open,open,0.013327867878626689,0.021287025045627184,0.911521659752241,0.8356458241165521,0.11306738509825491,0.3162668210297281
0.1,0.25684210526315787,0.7736842105263158,open,open,open,0.013442273172267984,0.022927263671826556,0.9104079322925398,0.8202741332345255,0.11306857544899011,0.3166403376782989
0.1,0.25684210526315787,0.8421052631578947,open,open,open,0.01356258191778256,0.024764774091949337,0.9092531633029058,0.8040522333921032,0.11306982898696702,0.31708102352125744
0.1,0.25684210526315787,0.9105263157894737,open,open,open,0.013689105203834494,0.026822856267338966,0.9080561758203135,0.7870588596552328,0.11307114939358388,0.31759821630290286
0.1,0.25684210526315787,0.9789473684210527,open,open,open,0.01382217051461216,0.029191200864794088,0.90681579582218,0.769205571450796,0.11307254058026221,0.3182148160016204
0.1,0.25684210526315787,1.0473684210526315,open,open,open,0.013962122530090668,0.03178629816610012,0.9055308567695809,0.7509275914631288,0.11307400670282285,0.3189179442259863
0.1,0.25684210526315787,1.1157894736842104,open,open,open,0.014109323951454375,0.034744513478371104,0.9042002045831311,0.7319597984936582,0.11307555217662889,0.3197459102563658
0.1,0.25684210526315787,1.1842105263157894,open,open,open,0.014264156349878982,0.038068258743437285,0.9028227030578112,0.7124205300448934,0.11307718169251064,0.32071015805183545
0.1,0.25684210526315787,1.2526315789473683,open,closed,bistable,0.014427021036297654,0.9896669323104288,0.9013972397176397,0.058969061329763754,0.11307890023348355,0.770820252060685
0.1,0.25684210526315787,1.3210526315789475,open,closed,bistable,0.014598339949107128,1.0,0.899922732104799,0.05635301045881045,0.11308071309226342,0.7750093778520551
0.1,0.25684210526315787,1.3894736842105264,open,closed,bistable,0.014778556555997881,1.0,0.8983981344906039,0.05424112581894035,0.11308262588957874,0.7765317593078577
0.1,0.25684210526315787,1.4578947368421054,open,closed,bistable,0.014968136765205736,1.0,0.8968224449876446,0.05252724294118006,0.11308464459326897,0.7774335750179017
0.1,0.25684210526315787,1.5263157894736843,open,closed,bistable,0.015167569840469502,1.0,0.8951947130335949,0.051089201946430414,0.11308677553814851,0.7779848029616405
0.1,0.25684210526315787,1.5947368421052632,open,closed,bistable,0.015377369312827798,1.0,0.893514047207646,0.05009256071717271,0.1130890254466051,0.7783399264253174
0.1,0.25684210526315787,1.6631578947368422,open,closed,bistable,0.015598073881088987,1.0,0.8917796233305466,0.04953788547244167,0.11309140144988468,0.7785798452784193
0.1,0.25684210526315787,1.731578947368421,open,closed,bistable,0.015830248291348405,1.0,0.8899906927889438,0.04884240479881271,0.11309391110999882,0.7787260331144861
0.1,0.25684210526315787,1.8,open,closed,bistable,0.01607448418430109,1.0,0.888146591014487,0.04857816457192192,0.11309656244216909,0.7788336421154591
0.1,0.2694736842105263,0.5,open,open,open,0.012513816684871688,0.01540129414303937,0.9146247839957234,0.8754125114682222,0.1130621967101511,0.31532197351620794
0.1,0.2694736842105263,0.5684210526315789,open,open,open,0.012587063433999363,0.016233362213165986,0.9136263007139745,0.8627299836775795,0.11306309699402128,0.31551110876339183
0.1,0.2694736842105263,0.6368421052631579,open,open,open,0.012664092089653902,0.017206865810132307,0.9125901610187117,0.8488441427446605,0.11306404254992859,0.3157376021889401
0.1,0.2694736842105263,0.7052631578947368,open,open,open,0.012745103613286218,0.01832399406677263,0.911515186959094,0.8338566046411542,0.11306503585798104,0.31600636475479527
0.1,0.2694736842105263,0.7736842105263158,open,open,open,0.012830309880279727,0.019554990377341902,0.9104001906875144,0.817943270912366,0.11306607954536468,0.316318068847957
0.1,0.2694736842105263,0.8421052631578947,open,open,open,0.012919934265274763,0.020912192883714962,0.9092439776204405,0.8011755490421728,0.11306717639541118,0.31667944839238904
0.1,0.2694736842105263,0.9105263157894737,open,open,open,0.013014212254873411,0.022548034476211332,0.9080453499767265,0.7832201603595011,0.11306832935720225,0.31712425350664947
0.1,0.2694736842105263,0.9789473684210527,open,open,open,0.013113392088176818,0.0243021618464075,0.9068031107102649,0.7647548026514888,0.11306954155573654,0.3176260165852325
0.1,0.2694736842105263,1.0473684210526315,open,open,open,0.013217735425446502,0.026321400026992924,0.905516067851131,0.7455241973525224,0.11307081630268602,0.3182174932269971
0.1,0.2694736842105263,1.1157894736842104,open,open,open,0.013327518044982617,0.02863033980248669,0.9041830392658315,0.7256207395599278,0.11307215710776825,0.3189112110590606
0.1,0.2694736842105263,1.1842105263157894,open,open,open,0.013443030568070457,0.03119800514831276,0.9028028578429775,0.705311193139958,0.11307356769076295,0.31970649680317453
0.1,0.2694736842105263,1.2526315789473683,open,closed,bistable,0.013564579211555907,0.9268216368595747,0.9013743771055415,0.04878891372074115,0.11307505199419934,0.760600576284388
0.1,0.2694736842105263,1.3210526315789475,open,closed,bistable,0.013692486567260497,1.0,0.899896477244827,0.050979271664208924,0.11307661419673971,0.7750008746247381
0.1,0.2694736842105263,1.3894736842105264,open,closed,bistable,0.013827092407034905,1.0,0.8983680715644395,0.05285166232233912,0.11307825872728894,0.7759957881110553
0.1,0.2694736842105263,1.4578947368421054,open,closed,bistable,0.013968754511759988,1.0,0.8967881133148743,0.05162348207267245,0.11307999027984726,0.7771233264096532
0.1,0.2694736842105263,1.5263157894736843,open,closed,bistable,0.014117849522034724,1.0,0.8951556028909537,0.05069457113164645,0.11308181382913528,0.7778063059399608
0.1,0.2694736842105263,1.5947368421052632,open,closed,bistable,0.01427477380762348,1.0,0.8934695953554358,0.04988356302949986,0.11308373464700217,0.7782329609780073
0.1,0.2694736842105263,1.6631578947368422,open,closed,bistable,0.014439944351965755,1.0,0.8917292082427056,0.04931906157579548,0.11308575831963436,0.7785092852602333
0.1,0.2694736842105263,1.731578947368421,open,closed,bistable,0.014613799647163295,1.0,0.8899336295869732,0.04884294586304455,0.11308789076556668,0.7786878030055893
0.1,0.2694736842105263,1.8,open,closed,bistable,0.01479680059384552,1.0,0.8880821261099465,0.04857841851092623,0.11309013825449529,0.7788096609202738
0.1,0.28210526315789475,0.5,open,open,open,0.012139480005022529,0.013892422150321165,0.9146221489918107,0.8749642958351116,0.11306073706785473,0.3152162863704609
0.1,0.28210526315789475,0.5684210526315789,open,open,open,0.012193960648760755,0.014523947581506215,0.9136230331588264,0.8620132417746332,0.11306154752678187,0.3153817812937674
0.1,0.28210526315789475,0.6368421052631579,open,open,open,0.012251262573168659,0.015220326391874038,0.9125861680538593,0.8478820147742442,0.11306239717525139,0.3155728843824481
0.1,0.28210526315789475,0.7052631578947368,open,open,open,0.012311536730299418,0.01607678465662495,0.91151036423979,0.8324515579374119,0.11306328804693311,0.31580513678117006
0.1,0.28210526315789475,0.7736842105263158,open,open,open,0.01237494240167942,0.016987603645265078,0.910394421107864,0.8160910766383692,0.11306422228847364,0.31606753442456237
0.1,0.28210526315789475,0.8421052631578947,open,open,open,0.012441647662405554,0.018040726568355436,0.9092371299119282,0.7986426433638179,0.11306520216604282,0.31637808095188025
0.1,0.28210526315789475,0.9105263157894737,open,open,open,0.012511829869456243,0.01927096657401919,0.9080372771696678,0.7800858910077166,0.11306623007226327,0.31674947686452165
0.1,0.28210526315789475,0.9789473684210527,open,open,open,0.012585676175064455,0.020608628890789234,0.9067936484472243,0.7608291267339844,0.11306730853354592,0.3171720507685047
0.1,0.28210526315789475,1.0473684210526315,open,open,open,0.01266338406594704,0.022172355697975762,0.9055050325409075,0.740692371305922,0.11306844021785778,0.3176728600533521
0.1,0.28210526315789475,1.1157894736842104,open,open,open,0.012745161929111458,0.023931755199104926,0.9041702260662398,0.7199954146356949,0.11306962794294828,0.31824908490015885
0.1,0.28210526315789475,1.1842105263157894,open,open,open,0.01283122964486483,0.02590671414965564,0.9027880384603754,0.698851728522123,0.11307087468506474,0.3189098090399748
0.1,0.28210526315789475,1.2526315789473683,open,open,open,0.012921819207525104,0.028159840506601395,0.9013572973989199,0.6771745120193386,0.11307218358818794,0.3196784794162587
0.1,0.28210526315789475,1.3210526315789475,open,closed,bistable,0.013017175374178123,0.9585343166153517,0.8998768546222827,0.04281896376761415,0.1130735579738236,0.769429423268018
0.1,0.28210526315789475,1.3894736842105264,open,closed,bistable,0.013117556341630062,1.0,0.8983455921600696,0.04945497603246101,0.11307500135138408,0.7754451176161145
0.1,0.28210526315789475,1.4578947368421054,open,closed,bistable,0.01322323445146655,1.0,0.8967624289345667,0.050402777226037816,0.11307651742920043,0.7766999261552534
0.1,0.28210526315789475,1.5263157894736843,open,closed,bistable,0.013334496922842092,1.0,0.8951263277163204,0.0499153717889435,0.11307811012620547,0.7775541303652698
0.1,0.28210526315789475,1.5947368421052632,open,closed,bistable,0.013451646612277626,1.0,0.8934363023961762,0.049467502194879096,0.11307978358432896,0.7780811987349564
0.1,0.28210526315789475,1.6631578947368422,open,closed,bistable,0.01357500279933187,1.0,0.8916914255292065,0.04910183405806955,0.11308154218164791,0.778416984271704
0.1,0.28210526315789475,1.731578947368421,open,closed,bistable,0.013704901996525505,1.0,0.8898908360969019,0.048619251230435825,0.11308339054633414,0.7786269823175361
0.1,0.28210526315789475,1.8,open,closed,bistable,0.013841698781325835,1.0,0.8880337474250539,0.04834996181544918,0.11308533357143892,0.778767464681604
0.1,0.29473684210526313,0.5,open,open,open,0.011343417618659892,0.012750490752559058,0.9156031741236403,0.8746546769120018,0.11552029953646353,0.31513520954121965
0.1,0.29473684210526313,0.5684210526315789,open,open,open,0.011442313093192841,0.013199349046931623,0.9144391445082767,0.8615651506267225,0.11524309177569002,0.31527870250075435
0.1,0.29473684210526313,0.6368421052631579,open,open,open,0.011656057291981426,0.013760175132911431,0.9130629083168991,0.8470571793983451,0.11441648615047226,0.3154519923018572
0.1,0.29473684210526313,0.7052631578947368,open,open,open,0.011989156522081188,0.01434763949964654,0.9115067743736457,0.8314467666781871,0.11306198844741853,0.31564628903212916
0.1,0.29473684210526313,0.7736842105263158,open,open,open,0.012036309562777524,0.015058247071866274,0.9103901255986616,0.8145879999278619,0.11306284112669825,0.31587734164175363
0.1,0.29473684210526313,0.8421052631578947,open,open,open,0.012085923002348105,0.015844512751611493,0.9092320306680596,0.7966776025903525,0.1130637338074059,0.31614211085166155
0.1,0.29473684210526313,0.9105263157894737,open,open,open,0.012138129917492134,0.016751367096091093,0.9080312643058578,0.7776542957718436,0.11306466846189277,0.31645276671132483
0.1,0.29473684210526313,0.9789473684210527,open,open,open,0.01219307084074307,0.017788096106247625,0.9067865990046831,0.7576305213106405,0.11306564716391308,0.3168155348804593
0.1,0.29473684210526313,1.0473684210526315,open,open,open,0.012250894185111202,0.01900254155642747,0.9054968090837556,0.7366462420502649,0.11306667209399962,0.3172439959557213
0.1,0.29473684210526313,1.1157894736842104,open,open,open,0.012311756691718759,0.020336155082854804,0.9041606751444753,0.7151726831899873,0.1130677455451551,0.31772672421983694
0.1,0.29473684210526313,1.1842105263157894,open,open,open,0.012375823901330468,0.021836127355557625,0.9027769889292843,0.6932431776625871,0.11306886992888461,0.3182766044659281
0.1,0.29473684210526313,1.2526315789473683,open,open,open,0.012443270650649483,0.02355561258058093,0.9013445585844899,0.6708133623100518,0.11307004778160337,0.31891247506485343
0.1,0.29473684210526313,1.3210526315789475,open,closed,bistable,0.012514281594197287,0.8713298462555951,0.8998622143219965,0.0346107582236484,0.11307128177145159,0.7467705963672212
0.1,0.29473684210526313,1.3894736842105264,open,closed,bistable,0.012589051752525676,0.9810542078071001,0.8983288144682987,0.04749802627244259,0.1130725747055564,0.7713943910476487
0.1,0.29473684210526313,1.4578947368421054,open,closed,bistable,0.012667787087415472,1.0,0.8967432518818392,0.04793377378917727,0.11307392953778235,0.7761749347697012
0.1,0.29473684210526313,1.5263157894736843,open,closed,bistable,0.01275070510459352,1.0,0.8951044607119086,0.04896739655840094,0.11307534937701973,0.7772057085849964
0.1,0.29473684210526313,1.5947368421052632,open,closed,bistable,0.01283803548434629,1.0,0.8934114234638508,0.04885156125667973,0.11307683749605923,0.7778720045535379
0.1,0.29473684210526313,1.6631578947368422,open,closed,bistable,0.012930020740214881,1.0,0.8916631783266422,0.048669873952051884,0.1130783973411115,0.7782862131644236
0.1,0.29473684210526313,1.731578947368421,open,closed,bistable,0.013026916905720528,1.0,0.8898588267101307,0.048397003298766214,0.11308003254202631,0.7785476417474955
0.1,0.29473684210526313,1.8,open,closed,bistable,0.013128994248781308,1.0,0.8879975409306459,0.048122802180641897,0.11308174692327734,0.7787149829091976
0.1,0.30736842105263157,0.5,open,open,open,0.010785179533635322,0.011870783417015135,0.9162224046658483,0.8744789540826122,0.117208530640283,0.31507152762010315
0.1,0.30736842105263157,0.5684210526315789,open,open,open,0.010873748744741299,0.012249046421914824,0.915018593598961,0.8611343707812588,0.11692533753386503,0.3152057988253056
0.1,0.30736842105263157,0.6368421052631579,open,open,open,0.01096392898896937,0.012633459965440802,0.9137874335496052,0.8465064057532004,0.11664311251149244,0.3153562537746991
0.1,0.30736842105263157,0.7052631578947368,open,open,open,0.011055781382188578,0.013089694624294894,0.9125284208050138,0.8305518596323997,0.11636187559813023,0.31553181884287157
0.1,0.30736842105263157,0.7736842105263158,open,open,open,0.011149370401770897,0.01364383378832416,0.9112410616716969,0.8132887147620325,0.11608164802832359,0.31573881310548396
0.1,0.30736842105263157,0.8421052631578947,open,open,open,0.01130085823708923,0.014228634070751044,0.909858799795943,0.794983704439292,0.11552340571073046,0.31596939121870765
0.1,0.30736842105263157,0.9105263157894737,open,open,open,0.011511605523940555,0.014912265419867345,0.9084024848912512,0.7754815121314672,0.11469355865208973,0.3162381891174507
0.1,0.30736842105263157,0.9789473684210527,open,open,open,0.01190115124395686,0.015700905756783946,0.9067813520059695,0.7548645559049995,0.11306441182518172,0.3165508413871665
0.1,0.30736842105263157,1.0473684210526315,open,open,open,0.011944151509346287,0.016584292447929916,0.905490687091793,0.7333839196002828,0.11306535720138748,0.3169077324989176
0.1,0.30736842105263157,1.1157894736842104,open,open,open,0.011989417749280322,0.017578404712030645,0.9041535634759411,0.7112422574795023,0.11306634547006754,0.31731306442583235
0.1,0.30736842105263157,1.1842105263157894,open,open,open,0.01203707414000513,0.01877147095771632,0.9027687596056232,0.688286325448541,0.1130673786163313,0.3177913583135408
0.1,0.30736842105263157,1.2526315789473683,open,open,open,0.012087251928666916,0.020086774122568492,0.9013350689384863,0.6650501780261888,0.11306845871728548,0.31832594634139655
0.1,0.30736842105263157,1.3210526315789475,open,open,open,0.012140089843600519,0.0215803802855723,0.899851305476133,0.6414638922955072,0.11306958794646309,0.31893587527694756
0.1,0.30736842105263157,1.3894736842105264,open,closed,bistable,0.012195734527292824,0.9192574928859295,0.8983163096758351,0.030697045327847988,0.11307076857856364,0.7628121797818965
0.1,0.30736842105263157,1.4578947368421054,open,closed,bistable,0.012254340992936222,0.9953432166467667,0.896728954721356,0.04226537759998744,0.11307200299454662,0.7752890450167306
0.1,0.30736842105263157,1.5263157894736843,open,closed,bistable,0.012316073105456129,1.0,0.8950881531259818,0.04696348846761318,0.11307329368712589,0.7767507623905331
0.1,0.30736842105263157,1.5947368421052632,open,closed,bistable,0.012381104087846418,1.0,0.8933928636325814,0.04804640764566298,0.11307464326671608,0.7775816304723342
0.1,0.30736842105263157,1.6631578947368422,open,closed,bistable,0.012449617053578452,1.0,0.8916420983669259,0.04824341688343281,0.11307605446789203,0.7781112367939276
0.1,0.30736842105263157,1.731578947368421,open,closed,bistable,0.012521805565755294,1.0,0.889834930191928,0.04817632230812885,0.11307753015642294,0.7784413183870615
0.1,0.30736842105263157,1.8,open,closed,bistable,0.01259787422356259,1.0,0.8879705002020587,0.04812346680874982,0.11307907333695143,0.7786529543976335
0.1,0.32,0.5,open,open,open,0.010447793235545415,0.011284152244468793,0.9165213774522967,0.874203983577017,0.11806512546376655,0.31503106100393335
0.1,0.32,0.5684210526315789,open,open,open,0.010472945237012428,0.011525629226739659,0.9153894624534334,0.8608416883244429,0.11806584052949974,0.3151493977594425
0.1,0.32,0.6368421052631579,open,open,open,0.01055466665597475,0.011843323114341947,0.9141304749925725,0.8459532307649257,0.11777992626761756,0.31529090552663674
0.1,0.32,0.7052631578947368,open,open,open,0.010582317192785833,0.01217992542438422,0.9129197648887625,0.8297688195670053,0.11778070193932624,0.3154500111095038
0.1,0.32,0.7736842105263158,open,open,open,0.01066665048862141,0.01254791451658636,0.911594928282765,0.812382569704483,0.11749573490801672,0.315628452225222
0.1,0.32,0.8421052631578947,open,open,open,0.010752450583072847,0.013029419499198695,0.910239848499673,0.7936001010556837,0.11721170269418232,0.31584126972663557
0.1,0.32,0.9105263157894737,open,open,open,0.0108397729699022,0.013504428491914808,0.9088540353384563,0.7738576956137697,0.11692862317794361,0.3160706193862205
0.1,0.32,0.9789473684210527,open,open,open,0.010928676241882613,0.014104598273798688,0.9074370181507057,0.752766923623072,0.11664651530915751,0.31634379776563654
0.1,0.32,1.0473684210526315,open,open,open,0.01101922230868056,0.01474606833543554,0.9059883495910342,0.7308263431185515,0.11636539917215766,0.31664658661034084
0.1,0.32,1.1157894736842104,open,open,open,0.011167729049951473,0.015515593469623975,0.904479195327599,0.7079328623885143,0.11580521454710561,0.3169995259727812
0.1,0.32,1.1842105263157894,open,open,open,0.01131858853435289,0.016416644129891272,0.9029550056164217,0.6843098010283137,0.11524915518303293,0.3174060458318869
0.1,0.32,1.2526315789473683,open,open,open,0.011822540223143618,0.01737447646433618,0.9013280061307737,0.6605355486700877,0.11306727712931065,0.31784669321175835
0.1,0.32,1.3210526315789475,open,open,open,0.011861831893188813,0.018540057873839916,0.899843184904699,0.6360714515019854,0.11306832829213426,0.3183672796824331
0.1,0.32,1.3894736842105264,open,open,open,0.011903216078236696,0.019843437430393965,0.8983069992313447,0.6114372997780858,0.11306942521372126,0.31895164514841
0.1,0.32,1.4578947368421054,open,closed,bistable,0.011946809030631928,0.9474322322910008,0.8967183075066515,0.029506786531899972,0.11307056984254962,0.7701767375786452
0.1,0.32,1.5263157894736843,open,closed,bistable,0.011992733732035054,1.0,0.8950760059646922,0.04128000030045666,0.11307176420558869,0.7768239526117712
0.1,0.32,1.5947368421052632,open,closed,bistable,0.01204112029098489,1.0,0.8933790354484978,0.046291205040688864,0.11307301041189068,0.7772003437991646
0.1,0.32,1.6631578947368422,open,closed,bistable,0.012092106362840497,1.0,0.891626388426211,0.04740218167994501,0.1130743106565686,0.7778663836142989
0.1,0.32,1.731578947368421,open,closed,bistable,0.012145837593025519,1.0,0.8898171162002767,0.047737564722426774,0.11307566722522261,0.7782914410335209
0.1,0.32,1.8,open,closed,bistable,0.012202468084466704,1.0,0.8879503362491036,0.04767260852349167,0.11307708249888503,0.7785554229006996
